id	file	slot	page	hex	src	tgt
sys2_001	SYSTEM/DEMO.EMI	1	0	0c8a14820c82775f015f5f61	{框8A}{码14820C82}はい\nいいえ	{框8A}{码14820C82}是\n否
sys2_002	SYSTEM/DEMO.EMI	2	0	0c8814820c82775f015f5f61	{框88}{码14820C82}はい\nいいえ	{框88}{码14820C82}是\n否
sys2_003	SYSTEM/DEMO.EMI	3	0	cfd0d55db35df37620bedfe1b51200a26a	メモリ-カ-ドの{码20}チェック中です	记忆卡检查中
sys2_004	SYSTEM/DEMO.EMI	4	0	c9dcafd67620bedfe1b51200a26a	ファイルの{码20}チェック中です	文件检查中
sys2_005	SYSTEM/DEMO.EMI	5	0	cfd0d55db35df395205e857c6b8b	メモリ-カ-ドが{码20}ありません	未找到记忆卡
sys2_006	SYSTEM/DEMO.EMI	6	0	6991a95f697c696d20818572626970659f685f	しっぱいしました{码20}やりなおしてください	操作失败，请重试
sys2_007	SYSTEM/DEMO.EMI	7	0	bedfe1b573206991a95f697c696d	チェックに{码20}しっぱいしました	检查失败
sys2_008	SYSTEM/DEMO.EMI	8	0	cfd0d55db35df395201273129b129c6887705f7c6b8b	メモリ-カ-ドが{码20}初期化されていません	记忆卡尚未格式化
sys2_009	SYSTEM/DEMO.EMI	9	0	cfd0d55db35df395201273129b129c6887705f7c6b8b01cfd0d55db35df38a201273129b129c697c6a63	メモリ-カ-ドが{码20}初期化されていません\nメモリ-カ-ドを{码20}初期化しますか	记忆卡尚未格式化\n要格式化记忆卡吗
sys2_010	SYSTEM/DEMO.EMI	10	0	128c128d73201273129b129c69708388695fa26a63	本当に{码20}初期化してよろしいですか	确定要格式化吗
sys2_011	SYSTEM/DEMO.EMI	11	0	1273129b129c12005b20cfd0d55db35df38a132b63725fa2659f685f	初期化中‥{码20}メモリ-カ-ドを抜かないでください	格式化中…请勿取出记忆卡
sys2_012	SYSTEM/DEMO.EMI	12	0	1273129b129c9512b889857c696d	初期化が終わりました	格式化完成
sys2_013	SYSTEM/DEMO.EMI	13	0	1273129b129c73206991a95f697c696d	初期化に{码20}しっぱいしました	格式化失败
sys2_014	SYSTEM/DEMO.EMI	14	0	0c8714810c82775f015f5f61	{框87}{码14810C82}はい\nいいえ	{框87}{码14810C82}是\n否
sys2_015	SYSTEM/DEMO.EMI	15	0	204e4f2044415441	{码20}NO{码20}DATA	 无存档数据
sys2_016	SYSTEM/DEMO.EMI	16	0	555345442044415441	USED{码20}DATA	已用数据
sys2_017	SYSTEM/DEMO.EMI	17	0	5b434845434b494e47	‥CHECKING	…检查中
sys2_018	SYSTEM/DEMO.EMI	18	0	4c4f4144	LOAD	读取
sys2_019	SYSTEM/DEMO.EMI	19	0	a36e8476cfd0d55db35df3638420d85df3697c6a63	どちらのメモリ-カ-ドから{码20}ロ-ドしますか	从哪边记忆卡读取
sys2_020	SYSTEM/DEMO.EMI	20	0	a376c9dcafd68a20d85df3697c6a63	どのファイルを{码20}ロ-ドしますか	读取哪个文件
sys2_021	SYSTEM/DEMO.EMI	21	0	d85df36970208388695fa26a63	ロ-ドして{码20}よろしいですか	确定要读取吗
sys2_022	SYSTEM/DEMO.EMI	22	0	d85df312005b20cfd0d55db35df38a132b63725fa2659f685f	ロ-ド中‥{码20}メモリ-カ-ドを抜かないでください	读取中…请勿取出记忆卡
sys2_023	SYSTEM/DEMO.EMI	23	0	d85df3952012b889857c696d	ロ-ドが{码20}終わりました	读取完成
sys2_024	SYSTEM/DEMO.EMI	24	0	c9dcafd68a20b25dfbdba2647c6b8b	ファイルを{码20}オ-プンできません	无法打开文件
sys2_025	SYSTEM/DEMO.EMI	25	0	f6d7bab2f6c9dcafae15057620c9dcafd6955e857c6b8b	ブレスオブファイア{符号2 05}の{码20}ファイルがありません	没有龙战士{符号2 05}的存档文件
sys2_026	SYSTEM/DEMO.EMI	26	0	c9dcafd69520678987705f7c6a	ファイルが{码20}こわれています	文件已损坏
sys2_027	SYSTEM/DEMO.EMI	27	0	d85df373206991a95f697c696d	ロ-ドに{码20}しっぱいしました	读取失败
sys2_028	SYSTEM/DEMO.EMI	28	0	c9dcafd695205e857c6b8b	ファイルが{码20}ありません	没有文件
sys2_029	SYSTEM/DEMO.EMI	29	0	f6d7bab2f6c9dcafae150576c9dcafd6a2775e857c6b8b	ブレスオブファイア{符号2 05}のファイルではありません	不是龙战士{符号2 05}的文件
sys2_030	SYSTEM/DEMO.EMI	30	0	c9dcafd68ad85df3a2647c6b8b	ファイルをロ-ドできません	无法读取文件
sys2_031	SYSTEM/DEMO.EMI	32	0	53415645	SAVE	存档
sys2_032	SYSTEM/DEMO.EMI	33	0	a36e8476cfd0d55db35df37320bb5df6697c6a63	どちらのメモリ-カ-ドに{码20}セ-ブしますか	存档到哪边记忆卡
sys2_033	SYSTEM/DEMO.EMI	34	0	bb5df66a86c9dcafd68a2012858ba212a8685f	セ-ブするファイルを{码20}選んで下さい	请选择存档文件
sys2_034	SYSTEM/DEMO.EMI	35	0	bb5df66970208388695fa26a63	セ-ブして{码20}よろしいですか	确定要存档吗
sys2_035	SYSTEM/DEMO.EMI	36	0	bb5df612005b20cfd0d55db35df38a132b63725fa2659f685f	セ-ブ中‥{码20}メモリ-カ-ドを抜かないでください	存档中…请勿取出记忆卡
sys2_036	SYSTEM/DEMO.EMI	37	0	bb5df69512b889857c696d	セ-ブが終わりました	存档完成
sys2_037	SYSTEM/DEMO.EMI	38	0	bb5df6c9dcafd695132c69651315124368877c6b8ba2696d	セ-ブファイルが正しく作成されませんでした	存档文件未能正确创建
sys2_038	SYSTEM/DEMO.EMI	39	0	cfd0d55db35df37320125364955e857c6b8b	メモリ-カ-ドに{码20}空きがありません	记忆卡空间不足
sys2_039	SYSTEM/DEMO.EMI	60	0	3520122a1257d45db0dd	5{码20}風竜ラ-ウィ	5 风龙拉维
sys2_040	SYSTEM/DEMO.EMI	61	0	362012d6123a	6{码20}聖地	6 圣地
sys2_041	SYSTEM/DEMO.EMI	62	0	3720aed6b3af761257	7{码20}アルカイの竜	7 阿尔凯之龙
sys2_042	SYSTEM/DEMO.EMI	63	0	3820689f7f7612b312cc64	8{码20}さだめの道行き	8 命运的旅途
sys2_043	SYSTEM/DEMO.EMI	64	0	392062886372868076	9{码20}おろかなるもの	9 愚者
sys2_044	SYSTEM/DEMO.EMI	65	0	313020133a761201133b	10{码20}西の大陸	10 西方大陆
sys2_045	SYSTEM/DEMO.EMI	66	0	3131207d6ea564	11{码20}みちびき	11 引导
sys2_046	SYSTEM/DEMO.EMI	67	0	31322012da7612b88985	12{码20}旅の終わり	12 旅途的终点
sys2_047	SYSTEM/DEMO.EMI	68	0	313320121671c8c171	13{码20}神とヒトと	13 神与人
sys2_048	SYSTEM/DEMO.EMI	70	0	0c0120bb5df68a2012b812b969708388695fa26a6301202020201509775f150a8a128512ba6a86710120202020bdafc1d612a112a273128f857c6a148c0c42775f015f5f61	{框01}{码20}セ-ブを{码20}終了してよろしいですか\n{码20}{码20}{码20}{码20}{符号2 09}はい』を選択すると\n{码20}{码20}{码20}{码20}タイトル画面に戻ります{码148C0C42}はい\nいいえ	{框01}{码20}确定要退出存档吗\n{码20}{码20}{码20}{码20}选择{符号2 09}是』后\n{码20}{码20}{码20}{码20}将返回标题画面{码148C0C42}是\n否
sys2_049	SYSTEM/DEMO.EMI	85	0	20202020a367a28020202020	{码20}{码20}{码20}{码20}どこでも{码20}{码20}{码20}{码20}	    随处    
sys2_050	SYSTEM/DEMO.EMI	86	0	202020b8d4af76134320202020	{码20}{码20}{码20}サライの町{码20}{码20}{码20}{码20}	   萨莱镇    
sys2_051	SYSTEM/DEMO.EMI	87	0	202020bee2dbf4761343202020	{码20}{码20}{码20}チャンバの町{码20}{码20}{码20}	   钱巴镇   
sys2_052	SYSTEM/DEMO.EMI	88	0	2020aebabdc21344123a123a12a82020	{码20}{码20}アスタナ基地地下{码20}{码20}	  阿斯塔纳基地地下  
sys2_053	SYSTEM/DEMO.EMI	89	0	20202020b4d5ae130e20202020	{码20}{码20}{码20}{码20}キリア村{码20}{码20}{码20}{码20}	    基利亚村    
sys2_054	SYSTEM/DEMO.EMI	90	0	20202020134512d812d12020202020	{码20}{码20}{码20}{码20}山小屋{码20}{码20}{码20}{码20}{码20}	     山间小屋     
sys2_055	SYSTEM/DEMO.EMI	91	0	20202020bbc5babd20202020	{码20}{码20}{码20}{码20}セネスタ{码20}{码20}{码20}{码20}	    塞内斯塔    
sys2_056	SYSTEM/DEMO.EMI	92	0	202020c7b9f5c1761343202020	{码20}{码20}{码20}ハシビトの町{码20}{码20}{码20}	   哈西比特镇   
sys2_057	SYSTEM/DEMO.EMI	93	0	20202020aebabdc220202020	{码20}{码20}{码20}{码20}アスタナ{码20}{码20}{码20}{码20}	    阿斯塔纳    
sys2_058	SYSTEM/DEMO.EMI	94	0	20202020d6f2ddae20202020	{码20}{码20}{码20}{码20}ルディア{码20}{码20}{码20}{码20}	    卢迪亚    
sys2_059	SYSTEM/DEMO.EMI	95	0	20202020b9dff32020202020	{码20}{码20}{码20}{码20}シェド{码20}{码20}{码20}{码20}{码20}	     谢德     
sys2_060	SYSTEM/DEMO.EMI	96	0	202020c95dd7db761346202020	{码20}{码20}{码20}フ-レンの里{码20}{码20}{码20}	   弗伦的故里   
sys2_061	SYSTEM/DEMO.EMI	97	0	202020b0afdbf2ddae202020	{码20}{码20}{码20}ウインディア{码20}{码20}{码20}	   温迪亚   
sys2_062	SYSTEM/DEMO.EMI	98	0	202020bedfb576130e20202020	{码20}{码20}{码20}チェクの村{码20}{码20}{码20}{码20}	   切克村    
sys2_063	SYSTEM/DEMO.EMI	99	0	20202020bcdb130e2020202020	{码20}{码20}{码20}{码20}ソン村{码20}{码20}{码20}{码20}{码20}	     索村     
sys2_064	SYSTEM/DEMO.EMI	100	0	20202083606b5f76130e202020	{码20}{码20}{码20}ようせいの村{码20}{码20}{码20}	   妖精之村   
sys2_065	SYSTEM/DEMO.EMI	101	0	20202020201354128b2020202020	{码20}{码20}{码20}{码20}{码20}関所{码20}{码20}{码20}{码20}{码20}	     关所     
sys2_066	SYSTEM/DEMO.EMI	102	0	20202020b9e35db520202020	{码20}{码20}{码20}{码20}シュ-ク{码20}{码20}{码20}{码20}	    舒克    
sys2_067	SYSTEM/DEMO.EMI	103	0	2020202020d5fb2020202020	{码20}{码20}{码20}{码20}{码20}リプ{码20}{码20}{码20}{码20}{码20}	     里普     
sys2_068	SYSTEM/DEMO.EMI	104	0	202020b8d6f2dddb1339202020	{码20}{码20}{码20}サルディン島{码20}{码20}{码20}	   萨尔丁岛   
sys2_069	SYSTEM/DEMO.EMI	105	0	202020b7b0b9ae130e20202020	{码20}{码20}{码20}コウシア村{码20}{码20}{码20}{码20}	   考西亚村    
sys2_070	SYSTEM/DEMO.EMI	106	0	20202020beb5ae130e20202020	{码20}{码20}{码20}{码20}チクア村{码20}{码20}{码20}{码20}	    奇库亚村    
sys2_071	SYSTEM/DEMO.EMI	107	0	20202020f9b0b5130e20202020	{码20}{码20}{码20}{码20}パウク村{码20}{码20}{码20}{码20}	    帕乌克村    
sys2_072	SYSTEM/DEMO.EMI	108	0	20202020125e1352354620202020	{码20}{码20}{码20}{码20}皇城5F{码20}{码20}{码20}{码20}	    皇城5层    
sys2_073	SYSTEM/DEMO.EMI	109	0	202020125e1352123a12a83446202020	{码20}{码20}{码20}皇城地下4F{码20}{码20}{码20}	   皇城地下4层   
sys2_074	SYSTEM/DEMO.EMI	110	0	20202020125e1352314620202020	{码20}{码20}{码20}{码20}皇城1F{码20}{码20}{码20}{码20}	    皇城1层    
sys2_075	SYSTEM/DEMO.EMI	111	0	2020202020125f133d2020202020	{码20}{码20}{码20}{码20}{码20}帝都{码20}{码20}{码20}{码20}{码20}	     帝都     
sys2_076	SYSTEM/DEMO.EMI	112	0	2020202012157612005b20202020	{码20}{码20}{码20}{码20}夢の中‥{码20}{码20}{码20}{码20}	    梦境中…    
sys2_077	SYSTEM/DEMO.EMI	130	0	2020201201120213061338131c20202020	{码20}{码20}{码20}大砂漠南部{码20}{码20}{码20}{码20}	   大沙漠南部    
sys2_078	SYSTEM/DEMO.EMI	131	0	202020d6f2ddae123a1264202020	{码20}{码20}{码20}ルディア地放{码20}{码20}{码20}	   卢迪亚地方   
sys2_079	SYSTEM/DEMO.EMI	132	0	2020b0afdbf2ddae123a12642020	{码20}{码20}ウインディア地放{码20}{码20}	  温迪亚地方  
sys2_080	SYSTEM/DEMO.EMI	133	0	202020201200134712df123a20202020	{码20}{码20}{码20}{码20}中央高地{码20}{码20}{码20}{码20}	    中央高地    
sys2_081	SYSTEM/DEMO.EMI	134	0	202020b9e35db5123a1264202020	{码20}{码20}{码20}シュ-ク地放{码20}{码20}{码20}	   舒克地方   
sys2_082	SYSTEM/DEMO.EMI	135	0	202020aebabddb123a1264202020	{码20}{码20}{码20}アスタン地放{码20}{码20}{码20}	   阿斯坦地方   
sys2_083	SYSTEM/DEMO.EMI	136	0	2020201201120213061349131c20202020	{码20}{码20}{码20}大砂漠北部{码20}{码20}{码20}{码20}	   大沙漠北部    
sys2_084	SYSTEM/DEMO.EMI	137	0	202020fcafbd1348133920202020	{码20}{码20}{码20}ペイタ半島{码20}{码20}{码20}{码20}	   佩塔半岛    
sys2_085	SYSTEM/DEMO.EMI	138	0	202020133a1201133b1200131c20202020	{码20}{码20}{码20}西大陸中部{码20}{码20}{码20}{码20}	   西大陆中部    
sys2_086	SYSTEM/DEMO.EMI	139	0	202020ebdbe51345123a20202020	{码20}{码20}{码20}ジンガ山地{码20}{码20}{码20}{码20}	   金加山地    
sys2_087	SYSTEM/DEMO.EMI	140	0	2020202013491264134a133920202020	{码20}{码20}{码20}{码20}北放諸島{码20}{码20}{码20}{码20}	    北方诸岛    
sys2_088	SYSTEM/DEMO.EMI	141	0	20202020b9b276120a20202020	{码20}{码20}{码20}{码20}シオの海{码20}{码20}{码20}{码20}	    潮之海    
sys2_089	SYSTEM/DEMO.EMI	142	0	20202020134b12ec134c134d20202020	{码20}{码20}{码20}{码20}黄金平野{码20}{码20}{码20}{码20}	    黄金平野    
sys2_090	SYSTEM/DEMO.EMI	143	0	202020133a1201133b1338131c20202020	{码20}{码20}{码20}西大陸南部{码20}{码20}{码20}{码20}	   西大陆南部    
sys2_091	SYSTEM/DEMO.EMI	144	0	e85dce127b127c	ゲ-ム設定	游戏设置
sys2_092	SYSTEM/DEMO.EMI	145	0	f8bddb127b127c	ボタン設定	按键设置
sys2_093	SYSTEM/DEMO.EMI	146	0	bab5d55ddb	スクリ-ン	画面
sys2_094	SYSTEM/DEMO.EMI	147	0	1273129b129c	初期化	重置
sys2_095	SYSTEM/DEMO.EMI	148	0	129d1287129e1275	振動機能	振动功能
sys2_096	SYSTEM/DEMO.EMI	149	0	efe1b9e3	ダッシュ	冲刺
sys2_097	SYSTEM/DEMO.EMI	150	0	b3cfd4	カメラ	视角
sys2_098	SYSTEM/DEMO.EMI	153	0	b8b0dbf3	サウンド	声音
sys2_099	SYSTEM/DEMO.EMI	154	0	42474d	BGM	BGM
sys2_100	SYSTEM/DEMO.EMI	155	0	5345	SE	SE
sys2_101	SYSTEM/DEMO.EMI	156	0	b7dbf9ba	コンパス	罗盘
sys2_102	SYSTEM/DEMO.EMI	157	0	4f4646	OFF	关
sys2_103	SYSTEM/DEMO.EMI	158	0	4f4e	ON	开
sys2_104	SYSTEM/DEMO.EMI	160	0	b25dc1	オ-ト	自动
sys2_105	SYSTEM/DEMO.EMI	161	0	c65dccd6	ノ-マル	普通
sys2_106	SYSTEM/DEMO.EMI	162	0	d5f45dba	リバ-ス	反向
sys2_107	SYSTEM/DEMO.EMI	163	0	301508	0{符号2 08}	0{符号2 08}
sys2_108	SYSTEM/DEMO.EMI	164	0	129234351508	右45{符号2 08}	右45{符号2 08}
sys2_109	SYSTEM/DEMO.EMI	165	0	129134351508	左45{符号2 08}	左45{符号2 08}
sys2_110	SYSTEM/DEMO.EMI	166	0	626c5f	おそい	慢
sys2_111	SYSTEM/DEMO.EMI	167	0	796f60	ふつう	普通
sys2_112	SYSTEM/DEMO.EMI	168	0	77815f	はやい	快
sys2_113	SYSTEM/DEMO.EMI	169	0	bac0d7b2	ステレオ	立体声
sys2_114	SYSTEM/DEMO.EMI	170	0	d0c6d4d6	モノラル	单声道
sys2_115	SYSTEM/DEMO.EMI	171	0	e85dce76127b127c8a207a8b6760697c6a	ゲ-ムの設定を{码20}へんこうします	更改游戏设置
sys2_116	SYSTEM/DEMO.EMI	172	0	b7dbc1d85dd476127b127c8a207a8b6760697c6a011507129f12a076127b127c7720bdaffb0700a26a	コントロ-ラの設定を{码20}へんこうします\n{符号2 07}現在の設定は{码20}タイプ{占位00}です	更改手柄设置\n{符号2 07}当前设置为类型{占位00}
sys2_117	SYSTEM/DEMO.EMI	173	0	12a112a2fdebb9e4db8a2012a3127e697c6a	画面ポジションを{码20}調整します	调整画面位置
sys2_118	SYSTEM/DEMO.EMI	174	0	6aa77076127b127c8a201273129b1278127973128f697c6a011507f8bddb127b127c24bab5d55ddb801273129b1278127973128f857c6a	すべての設定を{码20}初期状態に戻します\n{符号2 07}ボタン設定、スクリ-ンも初期状態に戻ります	将所有设置恢复为初始状态\n{符号2 07}手柄设置和画面也将恢复初始状态
sys2_119	SYSTEM/DEMO.EMI	175	0	6aa77076127b127c8a201273129b129c69708388695fa26a63	すべての設定を{码20}初期化してよろしいですか	确定要将所有设置重置吗
sys2_120	SYSTEM/DEMO.EMI	176	0	129d1287129e127576204f4e2f4f464695a2647c6a011507129d1287129e127577f2e3aed6b9e4e1b5a26212a4697d659f685f	振動機能の{码20}ON/OFFができます\n{符号2 07}振動機能はデュアルショックでお楽しみください	可开启或关闭振动功能\n{符号2 07}振动功能需使用震动手柄
sys2_121	SYSTEM/DEMO.EMI	199	0	20efe1b9e3	{码20}ダッシュ	 冲刺
sys2_122	SYSTEM/DEMO.EMI	200	0	20202020b3cfd4	{码20}{码20}{码20}{码20}カメラ	    视角
sys2_123	SYSTEM/DEMO.EMI	202	0	050a150006	{色0A}{符号2 00}{/色}	{色0A}{符号2 00}{/色}
sys2_124	SYSTEM/DEMO.EMI	206	0	4c	L	L
sys2_125	SYSTEM/DEMO.EMI	207	0	52	R	R
sys2_126	SYSTEM/DEMO.EMI	209	0	583a	X：	X：
sys2_127	SYSTEM/DEMO.EMI	210	0	593a	Y：	Y：
sys2_128	SYSTEM/DEMO.EMI	212	0	5b	‥	…
sys2_129	SYSTEM/CAMP.EMI	0	0	170000170101170202170303170404170505170606170707170808170909170a0a170b0b170c0c170d0d170e0e170f0f	{立绘0000}{立绘0101}{立绘0202}{立绘0303}{立绘0404}{立绘0505}{立绘0606}{立绘0707}{立绘0808}{立绘0909}{立绘0A0A}{立绘0B0B}{立绘0C0C}{立绘0D0D}{立绘0E0E}{立绘0F0F}	{立绘0000}{立绘0101}{立绘0202}{立绘0303}{立绘0404}{立绘0505}{立绘0606}{立绘0707}{立绘0808}{立绘0909}{立绘0A0A}{立绘0B0B}{立绘0C0C}{立绘0D0D}{立绘0E0E}{立绘0F0F}
sys2_130	SYSTEM/CAMP.EMI	1	0	0c8a14820c82775f015f5f61	{框8A}{码14820C82}はい\nいいえ	{框8A}{码14820C82}是\n否
sys2_131	SYSTEM/CAMP.EMI	2	0	0c8814820c82775f015f5f61	{框88}{码14820C82}はい\nいいえ	{框88}{码14820C82}是\n否
sys2_132	SYSTEM/CAMP.EMI	3	0	12a3a786	調べる	调查
sys2_133	SYSTEM/CAMP.EMI	4	0	12761277	装備	装备
sys2_134	SYSTEM/CAMP.EMI	5	0	d5bac1	リスト	列表
sys2_135	SYSTEM/CAMP.EMI	6	0	679b8b	こじん	个人
sys2_136	SYSTEM/CAMP.EMI	7	0	12c791705f86bab4d68a206365738ba2647c6a	持っているスキルを{码20}かくにんできます	可确认持有的技能
sys2_137	SYSTEM/CAMP.EMI	8	0	bab4d67612bd8763618a12cc5f7c6a01150712761277737720050209230095316f124512bf06a26a	スキルの入れかえを行います\n{符号2 07}装備には{码20}{色02}{道具2300}が1つ必要{/色}です	进行技能更换\n{符号2 07}更换装备需要1个{色02}{道具2300}{/色}
sys2_138	SYSTEM/CAMP.EMI	9	0	bab4d67612bd8763618a12cc5f7c6a011507092300776aa2731270127d69705f7c6a	スキルの入れかえを行います\n{符号2 07}{道具2300}はすでに使用しています	进行技能更换\n{符号2 07}{道具2300}已在使用中
sys2_139	SYSTEM/CAMP.EMI	10	0	bab4d67612bd8763618a12cc5f7c6a0115070502092300068a12c791705f7c6b8b	スキルの入れかえを行います\n{符号2 07}{色02}{道具2300}{/色}を持っていません	进行技能更换\n{符号2 07}未持有{色02}{道具2300}{/色}
sys2_140	SYSTEM/CAMP.EMI	11	0	12a9bab4d67620d5bac1a26a	全スキルの{码20}リストです	全部技能列表
sys2_141	SYSTEM/CAMP.EMI	12	0	cfdbf45d95201276127769705f86bab4d676d5bac1a26a	メンバ-が{码20}装備しているスキルのリストです	队员已装备技能列表
sys2_142	SYSTEM/CAMP.EMI	13	0	1284952012761277697c6a63	誰が{码20}装備しますか	由谁装备
sys2_143	SYSTEM/CAMP.EMI	14	0	07007607018a20779c697c6a63	{占位00}の{占位01}を{码20}はずしますか	要卸下{占位00}的{占位01}吗
sys2_144	SYSTEM/CAMP.EMI	15	0	12761277d05df38a12b812b969708388695fa26a63	装備モ-ドを終了してよろしいですか	确定要退出装备模式吗
sys2_145	SYSTEM/CAMP.EMI	16	0	129f12a0246c76bab4d6770700951276127769705f7c6a016f66636170208388695fa26a63	現在、そのスキルは{占位00}が装備しています\nつけかえて{码20}よろしいですか	该技能目前由{占位00}装备\n确定要更换吗
sys2_146	SYSTEM/CAMP.EMI	17	0	0502092300068a20316f1270127d6970808388695fa26a63	{色02}{道具2300}{/色}を{码20}1つ使用してもよろしいですか	确定要使用1个{色02}{道具2300}{/色}吗
sys2_147	SYSTEM/CAMP.EMI	18	0	fbd7afd15d8a128512ba6970659f685f	プレイヤ-を選択してください	请选择玩家
sys2_148	SYSTEM/CAMP.EMI	19	0	12bd1247	入門	入门
sys2_149	SYSTEM/CAMP.EMI	20	0	f25dbd	デ-タ	数据
sys2_150	SYSTEM/CAMP.EMI	21	0	817f86	やめる	退出
sys2_151	SYSTEM/CAMP.EMI	22	0	12fe12836a8612f8135a12fe8a2063617c6a	師事する伝承師を{码20}かえます	更换师承的传承师
sys2_152	SYSTEM/CAMP.EMI	23	0	12f8135a12fe76125b12e98a206365738b697c6a	伝承師の素質を{码20}かくにんします	确认传承师的素质
sys2_153	SYSTEM/CAMP.EMI	24	0	12f8135a12fe7a7612fe12838a20817f7c6a	伝承師への師事を{码20}やめます	停止师承传承师
sys2_154	SYSTEM/CAMP.EMI	25	0	1284952012c26d7312fe12836a8676a26a63	誰が{码20}新たに師事するのですか	由谁新拜师
sys2_155	SYSTEM/CAMP.EMI	26	0	1284952012fe12838a817f7c6a63	誰が{码20}師事をやめますか	由谁停止师承
sys2_156	SYSTEM/CAMP.EMI	27	0	0700732012fe12836a86cfdbf45d8a12887f7012a8685f	{占位00}に{码20}師事するメンバ-を決めて下さい	请决定向{占位00}师承的队员
sys2_157	SYSTEM/CAMP.EMI	28	0	0700732012fe1283697c6a63	{占位00}に{码20}師事しますか	要向{占位00}师承吗
sys2_158	SYSTEM/CAMP.EMI	29	0	07008a20128495130412c6857c6a63011507050a1503063a7c6412b473130412c686	{占位00}を{码20}誰が受取りますか\n{符号2 07}{色0A}□{/色}：まき物に受取る	由谁接收{占位00}\n{符号2 07}{色0A}□{/色}：收入卷轴
sys2_159	SYSTEM/CAMP.EMI	30	0	07008a207c6412b473130412c6857c6a63	{占位00}を{码20}まき物に受取りますか	要将{占位00}收入卷轴吗
sys2_160	SYSTEM/CAMP.EMI	31	0	125364955e857c6b8b20bab4d68a7c6412b473128f69700107008a20130412c6857c6a63	空きがありません{码20}スキルをまき物に戻して\n{占位00}を{码20}受取りますか	空间不足，要将技能放回卷轴\n来接收{占位00}吗
sys2_161	SYSTEM/CAMP.EMI	32	0	6776bab4d68a207c6412b473128f69700107008a20130412c6857c6a63	このスキルを{码20}まき物に戻して\n{占位00}を{码20}受取りますか	要将此技能放回卷轴\n来接收{占位00}吗
sys2_162	SYSTEM/CAMP.EMI	33	0	0501454d50545906	{色01}EMPTY{/色}	{色01}空{/色}
sys2_163	SYSTEM/CAMP.EMI	34	0	0700952012fe12838a817f7c6a63	{占位00}が{码20}師事をやめますか	{占位00}要停止师承吗
sys2_164	SYSTEM/CAMP.EMI	35	0	0700952012fe12838a817f7c6a63	{占位00}が{码20}師事をやめますか	{占位00}要停止师承吗
sys2_165	SYSTEM/CAMP.EMI	36	0	0701952007008a0113046612c6857c6a63	{占位01}が{码20}{占位00}を\n受け取りますか	{占位01}要接收\n{占位00}吗
sys2_166	SYSTEM/CAMP.EMI	38	0	12c012db73243212de12c912687612f8135a12fe730112fe128377a2647c6b8b237b637612f8135a12fe730112fe128369705f6d128a122177201268132d6468877c6a0212641290b45d126812a83acfdbf45d76128512ba0112641290b45d129112923a12bb4012891308766485636101050a1500063a1288127c202020050a1501063a12b812b9	一度に、2人以上の伝承師に\n師事はできません。ほかの伝承師に\n師事していた場合は{码20}上書きされます\n---\n放向キ-上下：メンバ-の選択\n放向キ-左右：前·後衛のきりかえ\n{色0A}{符号2 00}{/色}：決定{码20}{码20}{码20}{色0A}×{/色}：終了	不能同时师承2名以上传承师\n若已师承其他传承师\n将被覆盖\n---\n方向键上下：选择队员\n方向键左右：切换前/后卫\n{色0A}{符号2 00}{/色}：确定   {色0A}×{/色}：结束
sys2_167	SYSTEM/CAMP.EMI	39	0	bab4d67613046612c6857701d5bac1731253649572657080247c6412b47601bab4d6716760638b6970201276127712bc1275a26a0212641290b45d3ab35dbcd6761286128701050a1500063a1288127c01050a1503063a7c6412b473bab4d68a13046612c686	スキルの受け取りは\nリストに空きがなくても、まき物の\nスキルとこうかんして{码20}装備可能です\n---\n放向キ-：カ-ソルの移動\n{色0A}{符号2 00}{/色}：決定\n{色0A}□{/色}：まき物にスキルを受け取る	接收技能时\n即使列表已满，也可与卷轴中的\n技能交换后装备\n---\n方向键：移动光标\n{色0A}{符号2 00}{/色}：确定\n{色0A}□{/色}：将技能收入卷轴
sys2_168	SYSTEM/CAMP.EMI	40	0	7c6412b473128f696dbab4d676127612777377010502092300069520124512bf7372857c6a0212641290b45d126812a8013a7c6412b473128f6abab4d68a128512ba01050a1500063a1288127c2020050a1501063ab4e2dbbbd6	まき物に戻したスキルの装備には\n{色02}{道具2300}{/色}が{码20}必要になります\n---\n放向キ-上下\n：まき物に戻すスキルを選択\n{色0A}{符号2 00}{/色}：決定{码20}{码20}{色0A}×{/色}：キャンセル	放回卷轴的技能\n再次装备时需要{色02}{道具2300}{/色}\n---\n方向键上下\n：选择放回卷轴的技能\n{色0A}{符号2 00}{/色}：确定  {色0A}×{/色}：取消
sys2_169	SYSTEM/CAMP.EMI	41	0	12641290b45d3ab35dbcd6761286128701050a1500063a1288127c2020050a1501063a12b812b9	放向キ-：カ-ソルの移動\n{色0A}{符号2 00}{/色}：決定{码20}{码20}{色0A}×{/色}：終了	方向键：移动光标\n{色0A}{符号2 00}{/色}：确定  {色0A}×{/色}：结束
sys2_170	SYSTEM/CAMP.EMI	43	0	0502092300067724d7ae7201aeafc0ce76316fa26a2ebab4d676127612777701698b6e94607312cc5f7c6994600212641290b45d126812a83ab7ccdbf38a128512ba01050a1500063a1288127c2020050a1501063ab4e2dbfb73128f86	{色02}{道具2300}{/色}は、レアな\nアイテムの1つです.スキルの装備は\nしんちょうに行いましょう\n---\n放向キ-上下：コマンドを選択\n{色0A}{符号2 00}{/色}：決定{码20}{码20}{色0A}×{/色}：キャンプに戻る	{色02}{道具2300}{/色}是\n稀有道具，装备技能\n请慎重考虑\n---\n方向键上下：选择指令\n{色0A}{符号2 00}{/色}：确定  {色0A}×{/色}：返回营地
sys2_171	SYSTEM/CAMP.EMI	44	0	12641290b45d126812a83ab7ccdbf38a128512ba01050a1500063a1288127c2020050a1501063ab4e2dbbbd6	放向キ-上下：コマンドを選択\n{色0A}{符号2 00}{/色}：決定{码20}{码20}{色0A}×{/色}：キャンセル	方向键上下：选择指令\n{色0A}{符号2 00}{/色}：确定  {色0A}×{/色}：取消
sys2_172	SYSTEM/CAMP.EMI	45	0	12641290b45d126812a83ab35dbcd612861287014c31404c323afc5debaee1fb0152314052323afc5debefb0db02050a1501063ab4e2dbbbd6	放向キ-上下：カ-ソル移動\nL1·L2：ペ-ジアップ\nR1·R2：ペ-ジダウン\n---\n{色0A}×{/色}：キャンセル	方向键上下：移动光标\nL1·L2：上一页\nR1·R2：下一页\n---\n{色0A}×{/色}：取消
sys2_173	SYSTEM/CAMP.EMI	46	0	12641290b45d3a01202012761277bab4d68a7d6d5fcfdbf45d76128512ba01050a1500063a1288127c202020050a1501063ab4e2dbbbd6	放向キ-：\n{码20}{码20}装備スキルをみたいメンバ-の選択\n{色0A}{符号2 00}{/色}：決定{码20}{码20}{码20}{色0A}×{/色}：キャンセル	方向键：\n  选择要查看装备技能的队员\n{色0A}{符号2 00}{/色}：确定   {色0A}×{/色}：取消
sys2_174	SYSTEM/CAMP.EMI	47	0	12641290b45d126812a83ab35dbcd61286128701050a1501063ab4e2dbbbd6	放向キ-上下：カ-ソル移動\n{色0A}×{/色}：キャンセル	方向键上下：移动光标\n{色0A}×{/色}：取消
sys2_175	SYSTEM/CAMP.EMI	48	0	12641290b45d126812a83ab35dbcd612861287014c31404c323afc5debaee1fb0152314052323afc5debefb0db02050a1500063a1288127c202020050a1501063ab4e2dbbbd6	放向キ-上下：カ-ソル移動\nL1·L2：ペ-ジアップ\nR1·R2：ペ-ジダウン\n---\n{色0A}{符号2 00}{/色}：決定{码20}{码20}{码20}{色0A}×{/色}：キャンセル	方向键上下：移动光标\nL1·L2：上一页\nR1·R2：下一页\n---\n{色0A}{符号2 00}{/色}：确定   {色0A}×{/色}：取消
sys2_176	SYSTEM/CAMP.EMI	49	0	1284639524127612771200a280016c767c7c20bab4d6766f6663619512bc1275a26a0128aeb213277712761277120076bab4d6a26a290212641290b45d3a012020bab4d68a12761277686b86cfdbf45d8a128512ba01050a1500063a1288127c202020050a1501063ab4e2dbbbd6	誰かが、装備中でも\nそのまま{码20}スキルのつけかえが可能です\n（アオ字は装備中のスキルです）\n---\n放向キ-：\n{码20}{码20}スキルを装備させるメンバ-を選択\n{色0A}{符号2 00}{/色}：決定{码20}{码20}{码20}{色0A}×{/色}：キャンセル	即使有人正在装备中\n也可直接更换技能\n（蓝字表示已装备的技能）\n---\n方向键：\n  选择要装备技能的队员\n{色0A}{符号2 00}{/色}：确定   {色0A}×{/色}：取消
sys2_177	SYSTEM/CAMP.EMI	50	0	12641290b45d3a012020bab4d68a779c696d5fcfdbf45d76128512ba01050a1500063a1288127c202020050a1501063ab4e2dbbbd6	放向キ-：\n{码20}{码20}スキルをはずしたいメンバ-の選択\n{色0A}{符号2 00}{/色}：決定{码20}{码20}{码20}{色0A}×{/色}：キャンセル	方向键：\n  选择要卸下技能的队员\n{色0A}{符号2 00}{/色}：确定   {色0A}×{/色}：取消
sys2_178	SYSTEM/CAMP.EMI	51	0	6776d05df3a20112761277bab4d68a776a6a128395a2647c6a0212641290b45d126812a83ab35dbcd61286128701050a1500063abab4d68a779c6a2020050a1501063ab4e2dbbbd6	このモ-ドで\n装備スキルをはすす事ができます\n---\n放向キ-上下：カ-ソル移動\n{色0A}{符号2 00}{/色}：スキルをはずす{码20}{码20}{色0A}×{/色}：キャンセル	在此模式下\n可以卸下已装备的技能\n---\n方向键上下：移动光标\n{色0A}{符号2 00}{/色}：卸下技能  {色0A}×{/色}：取消
sys2_179	SYSTEM/CAMP.EMI	52	0	12f8135a12fe7312b65f7312cc6372657080b4e2dbfba20112bd12472f12fe1283817f8a12cc617c6a23026d9f6924bab4d681aeafc0ce770112f8135a12fe732012b689726687a40180846067719524a2647c6b8b230212641290b45d126812a83ab7ccdbf38a128512ba01050a1500063a1288127c2020050a1501063ab4e2dbfb73128f86	伝承師に会いに行かなくてもキャンプで\n入門/師事やめを行えます。\n---\nただし、スキルやアイテムは\n伝承師に{码20}会わなければ\nもらうことが、できません。\n---\n放向キ-上下：コマンドを選択\n{色0A}{符号2 00}{/色}：決定{码20}{码20}{色0A}×{/色}：キャンプに戻る	不需前往传承师所在地\n在营地即可入门或停止师承\n---\n但是，技能和道具\n必须亲自见传承师\n才能获得\n---\n方向键上下：选择指令\n{色0A}{符号2 00}{/色}：确定  {色0A}×{/色}：返回营地
sys2_180	SYSTEM/CAMP.EMI	53	0	12641290b45d3ab35dbcd6761286128701050a1500063a1288127c2020050a1501063ab4e2dbbbd6	放向キ-：カ-ソルの移動\n{色0A}{符号2 00}{/色}：決定{码20}{码20}{色0A}×{/色}：キャンセル	方向键：移动光标\n{色0A}{符号2 00}{/色}：确定  {色0A}×{/色}：取消
sys2_181	SYSTEM/CAMP.EMI	54	0	cfdbf45d76124312e077240112fe12836a8612f8135a12fe73838501120164651211129c697c6a2302c35dec731221896b70241294124d72cfdbf45d73016c9f707c69946023026e727d73247b6b5f8a130a6170150930150a8a0112a8120686128a122124124312e012db77150930150a7372857c6a0212641290b45d3ab35dbcd612861287014c31404c322f52314052323a01202020202012fe12836a86cfdbf45d765f87636102050a1500063a1288127c2020050a1501063ab4e2dbbbd6	メンバ-の成長は、\n師事する伝承師により\n大きく変化します。\n---\nニ-ズに合わせて、強力なメンバ-に\nそだてましょう。\n---\nちなみに、ほせいを加えて{符号2 09}0』を\n下回る場合、成長度は{符号2 09}0』になります\n---\n放向キ-：カ-ソル移動\nL1·L2/R1·R2：\n{码20}{码20}{码20}{码20}{码20}師事するメンバ-のいれかえ\n---\n{色0A}{符号2 00}{/色}：決定{码20}{码20}{色0A}×{/色}：キャンセル	队员的成长\n会因师承的传承师\n而产生很大变化\n---\n根据需要培养出\n强大的队员吧\n---\n另外，加上修正后若低于{符号2 09}0』\n成长度将以{符号2 09}0』计算\n---\n方向键：移动光标\nL1·L2/R1·R2：\n     切换师承的队员\n---\n{色0A}{符号2 00}{/色}：确定  {色0A}×{/色}：取消
sys2_182	SYSTEM/CAMP.EMI	55	0	12641290b45d3ab35dbcd61286128701050a1500063a133276639f5f8a12808601050a1501063ab4e2dbbbd6	放向キ-：カ-ソル移動\n{色0A}{符号2 00}{/色}：次のかだいを見る\n{色0A}×{/色}：キャンセル	方向键：移动光标\n{色0A}{符号2 00}{/色}：查看下一页\n{色0A}×{/色}：取消
sys2_183	SYSTEM/CAMP.EMI	56	0	20efcd5d2020202020202020202020202020	{码20}ダミ-{码20}{码20}{码20}{码20}{码20}{码20}{码20}{码20}{码20}{码20}{码20}{码20}{码20}{码20}	 占位 
sys2_184	SYSTEM/CAMP.EMI	85	0	434f4d504c455445	COMPLETE	完成
sys2_185	SYSTEM/CAMP.EMI	86	0	4e4f2044415441	NO{码20}DATA	无存档数据
sys2_186	SYSTEM/CAMP.EMI	87	0	1710103c05023506c8e1c112c9126876b7dbf88a016f729884876d84027c6d89697680717301134f86955f5f23	{立绘1010}「{色02}5{/色}ヒット以上のコンボを\nつなげられたら\n---\nまたわしのもとに\n来るがいい。	{立绘1010}「能打出{色02}5{/色}击\n以上的连击后\n---\n到时候再来\n找老夫吧
sys2_187	SYSTEM/CAMP.EMI	88	0	1710103c0502313006c8e1c112c9126876b7dbf88a016f729884876d84027c6d89697680717301134f86955f5f23	{立绘1010}「{色02}10{/色}ヒット以上のコンボを\nつなげられたら\n---\nまたわしのもとに\n来るがいい。	{立绘1010}「能打出{色02}10{/色}击\n以上的连击后\n---\n到时候再来\n找老夫吧
sys2_188	SYSTEM/CAMP.EMI	89	0	1710103c0502313506c8e1c112c9126876b7dbf88a016f729884876d84027c6d89697680717301134f86955f5f23	{立绘1010}「{色02}15{/色}ヒット以上のコンボを\nつなげられたら\n---\nまたわしのもとに\n来るがいい。	{立绘1010}「能打出{色02}15{/色}击\n以上的连击后\n---\n到时候再来\n找老夫吧
sys2_189	SYSTEM/CAMP.EMI	90	0	1710103c0502323006c8e1c112c9126876b7dbf88a016f729884876d84027c6d89697680717301134f86955f5f23	{立绘1010}「{色02}20{/色}ヒット以上のコンボを\nつなげられたら\n---\nまたわしのもとに\n来るがいい。	{立绘1010}「能打出{色02}20{/色}击\n以上的连击后\n---\n到时候再来\n找老夫吧
sys2_190	SYSTEM/CAMP.EMI	91	0	1710103c627c616d6e77806024018969766aa7708accbabd5d697001697c916d2302806963696d8401627c616d6e7301122212b58a1355616d677177025f6f6320896973719170120e120176017b67857172867663807223	{立绘1010}「おまえたちはもう、\nわしのすべてをマスタ-して\nしまった。\n---\nもしかしたら\nおまえたちに\n魔術を教えたことは\n---\nいつか{码20}わしにとって最大の\nほこりとなるのかもな。	{立绘1010}「你们已经\n完全掌握了老夫的\n全部本事\n---\n说不定\n教导你们魔术\n这件事\n---\n总有一天会成为\n老夫最大的骄傲吧
sys2_191	SYSTEM/CAMP.EMI	93	0	1711113c787c7212f473a280247c6d0112b65f73134f70835b027b6373802412cd635e916d8401135561705e98865d23	{立绘1111}「ひまな時にでも、また\n会いに来てよ‥\n---\nほかにも、何かあったら\n教えてあげる-。	{立绘1111}「有空的时候\n再来找我吧…\n---\n还有什么其他事的话\n我会教你的哦
sys2_192	SYSTEM/CAMP.EMI	94	0	1711113c787c7212f473a280247c6d0112b65f73134f70835b027b6373802412cd635e916d8401135561705e98865d23	{立绘1111}「ひまな時にでも、また\n会いに来てよ‥\n---\nほかにも、何かあったら\n教えてあげる-。	{立绘1111}「有空的时候\n再来找我吧…\n---\n还有什么其他事的话\n我会教你的哦
sys2_193	SYSTEM/CAMP.EMI	95	0	1711113c787c7212f473a280247c6d0112b65f73134f70835b027b6373802412cd635e916d8401135561705e98865d23	{立绘1111}「ひまな時にでも、また\n会いに来てよ‥\n---\nほかにも、何かあったら\n教えてあげる-。	{立绘1111}「有空的时候\n再来找我吧…\n---\n还有什么其他事的话\n我会教你的哦
sys2_194	SYSTEM/CAMP.EMI	96	0	1711113c787c7212f473a280247c6d0112b65f73134f70835b027b6373802412cd635e916d8401135561705e98865d23	{立绘1111}「ひまな時にでも、また\n会いに来てよ‥\n---\nほかにも、何かあったら\n教えてあげる-。	{立绘1111}「有空的时候\n再来找我吧…\n---\n还有什么其他事的话\n我会教你的哦
sys2_195	SYSTEM/CAMP.EMI	97	0	1711113ca36080245e726d135173011355618487868076775b0212a9131c241355616e92916d7d6d5f5d23025b0b5b0b5b6c877285730112a46963916d89835d230212cd632412fe132073a2800172916d7d6d5fa25d21	{立绘1111}「どうも、あなた達に\n教えられるものは‥\n---\n全部、教えちゃったみたい-。\n---\n‥{码0B}‥{码0B}‥それなりに\n楽しかったわよ-。\n---\n何か、師匠にでも\nなったみたいで-！	{立绘1111}「能教你们的东西\n…\n---\n好像已经全都教完了呢\n---\n…{码0B}…{码0B}…还挺\n开心的呢\n---\n感觉好像当了\n师父一样呢
sys2_196	SYSTEM/CAMP.EMI	99	0	1712123c120a76b2c1b773b7c1f4775f84725f0112d912bf72767712747612c012d312fd2102050233300612c912687601b7dbf88a12cb696d84017c6d819170134f705d23	{立绘1212}「海のオトコにコトバはいらない\n重要なのは心の一体感！\n---\n{色02}30{/色}以上の\nコンボを出したら\nまたやって来て-。	{立绘1212}「海之男儿不需言语\n重要的是心灵的共鸣\n---\n打出{色02}30{/色}以上的\n连击后\n再来找我吧
sys2_197	SYSTEM/CAMP.EMI	100	0	1712123c120a76b2c1b773b7c1f4775f84725f0112d912bf72767712747612c012d312fd2102050234300612c912687601b7dbf88a12cb696d84017c6d819170134f705d23	{立绘1212}「海のオトコにコトバはいらない\n重要なのは心の一体感！\n---\n{色02}40{/色}以上の\nコンボを出したら\nまたやって来て-。	{立绘1212}「海之男儿不需言语\n重要的是心灵的共鸣\n---\n打出{色02}40{/色}以上的\n连击后\n再来找我吧
sys2_198	SYSTEM/CAMP.EMI	101	0	1712123c120a76b2c1b773b7c1f4775f84725f0112d912bf72767712747612c012d312fd2102050235300612c912687601b7dbf88a12cb696d84017c6d819170134f705d23	{立绘1212}「海のオトコにコトバはいらない\n重要なのは心の一体感！\n---\n{色02}50{/色}以上の\nコンボを出したら\nまたやって来て-。	{立绘1212}「海之男儿不需言语\n重要的是心灵的共鸣\n---\n打出{色02}50{/色}以上的\n连击后\n再来找我吧
sys2_199	SYSTEM/CAMP.EMI	102	0	1712123c120a76b2c1b773b7c1f4775f84725f0112d912bf72767712747612c012d312fd2102050237300612c912687601b7dbf88a12cb696d84017c6d819170134f705d23	{立绘1212}「海のオトコにコトバはいらない\n重要なのは心の一体感！\n---\n{色02}70{/色}以上の\nコンボを出したら\nまたやって来て-。	{立绘1212}「海之男儿不需言语\n重要的是心灵的共鸣\n---\n打出{色02}70{/色}以上的\n连击后\n再来找我吧
sys2_200	SYSTEM/CAMP.EMI	103	0	1712123c806024647d6d6e7701120a76b2c1b776120076b2c1b79f23025e7177123112aa6d6ea201958ba4868b9f835d21	{立绘1212}「もう、きみたちは\n海のオトコの中のオトコだ。\n---\nあとは自分たちで\nがんばるんだよ-！	{立绘1212}「你们已经是\n海之男儿中的男儿了\n---\n接下来就靠自己\n努力吧
sys2_201	SYSTEM/CAMP.EMI	105	0	1713133c12fb12268a12da697001050237300612c912687601d0dbbabd5d8a026c761250a26d69637f7001134f868b9f2302133276132f8a135561867677016c8763849f8323	{立绘1313}「世界を旅して\n{色02}70{/色}以上の\nモンスタ-を\n---\nその目でたしかめて\n来るんだ。\n---\n次の技を教えるのは\nそれからだよ。	{立绘1313}「周游世界\n找到{色02}70{/色}\n以上的怪物\n---\n亲眼看过之后\n再回来吧\n---\n传授下一个招式\n要等那之后
sys2_202	SYSTEM/CAMP.EMI	106	0	1713133c12fb12268a12da697001050238350612c912687601d0dbbabd5d8a026c761250a26d69637f7001134f868b9f2302133276132f8a135561867677016c8763849f8323	{立绘1313}「世界を旅して\n{色02}85{/色}以上の\nモンスタ-を\n---\nその目でたしかめて\n来るんだ。\n---\n次の技を教えるのは\nそれからだよ。	{立绘1313}「周游世界\n找到{色02}85{/色}\n以上的怪物\n---\n亲眼看过之后\n再回来吧\n---\n传授下一个招式\n要等那之后
sys2_203	SYSTEM/CAMP.EMI	107	0	1713133c12fb12268a12da69700105023130300612c912687601d0dbbabd5d8a026c761250a26d69637f7001134f868b9f2302133276132f8a135561867677016c8763849f8323	{立绘1313}「世界を旅して\n{色02}100{/色}以上の\nモンスタ-を\n---\nその目でたしかめて\n来るんだ。\n---\n次の技を教えるのは\nそれからだよ。	{立绘1313}「周游世界\n找到{色02}100{/色}\n以上的怪物\n---\n亲眼看过之后\n再回来吧\n---\n传授下一个招式\n要等那之后
sys2_204	SYSTEM/CAMP.EMI	109	0	1713133c5f6f767c7363015e8b6d6d6e73135561866771950112cd80726572916d8323025e6d6973a264867677015e7177205f768667710165845f9f755b	{立绘1313}「いつのまにか\nあんたたちに教えることが\n何もなくなったよ。\n---\nあたしにできるのは\nあとは{码20}いのること\nくらいだね‥	{立绘1313}「不知不觉间\n已经没有什么\n能教你们的了\n---\n我现在能做的\n也只有祈祷了\n…
sys2_205	SYSTEM/CAMP.EMI	111	0	1714143c133e12ef130e7612de12c88a010502380612de12c912687369707b695f8360026c60696d84133276133e12ef122212238a01135561705e98868360	{立绘1414}「妖精村の人数を\n{色02}8{/色}人以上にしてほしいよう\n---\nそうしたら次の妖精魔法を\n教えてあげるよう	{立绘1414}「希望妖精村\n的人数达到{色02}8{/色}人以上\n---\n那样的话就教你\n下一个妖精魔法
sys2_206	SYSTEM/CAMP.EMI	112	0	1714143c133e12ef130e7612de12c88a01050231320612de12c912687369707b695f8360026c60696d84133276133e12ef122212238a01135561705e98868360	{立绘1414}「妖精村の人数を\n{色02}12{/色}人以上にしてほしいよう\n---\nそうしたら次の妖精魔法を\n教えてあげるよう	{立绘1414}「希望妖精村\n的人数达到{色02}12{/色}人以上\n---\n那样的话就教你\n下一个妖精魔法
sys2_207	SYSTEM/CAMP.EMI	113	0	1714143c133e12ef130e7612de12c88a01050231360612de12c912687369707b695f8360026c60696d84133276133e12ef122212238a01135561705e98868360	{立绘1414}「妖精村の人数を\n{色02}16{/色}人以上にしてほしいよう\n---\nそうしたら次の妖精魔法を\n教えてあげるよう	{立绘1414}「希望妖精村\n的人数达到{色02}16{/色}人以上\n---\n那样的话就教你\n下一个妖精魔法
sys2_208	SYSTEM/CAMP.EMI	114	0	1714143c133e12ef130e7612de12c88a01050232300612de12c912687369707b695f8360026c60696d84133276133e12ef122212238a01135561705e98868360	{立绘1414}「妖精村の人数を\n{色02}20{/色}人以上にしてほしいよう\n---\nそうしたら次の妖精魔法を\n教えてあげるよう	{立绘1414}「希望妖精村\n的人数达到{色02}20{/色}人以上\n---\n那样的话就教你\n下一个妖精魔法
sys2_209	SYSTEM/CAMP.EMI	115	0	1714143c80601355618667717701727380725f66a302133e12ef767f8ba3609f667701121189849c7d707b695f83600181656c659f8360	{立绘1414}「もう教えることは\nなにもないけど\n---\n妖精のめんどうだけは\n変わらずみてほしいよう\nやくそくだよう	{立绘1414}「已经没有什么\n能教的了\n---\n但妖精的事\n还请继续关照\n约定哦
sys2_210	SYSTEM/CAMP.EMI	117	0	1715153c6f85fdafdbc105023430303006730172916d84247c6d134f8691ac8323026c8b71649201b2d47671917062648a01fbd7eddbc16a91638423	{立绘1515}「つりポイント{色02}4000{/色}に\nなったら、また来るっぺよ。\n---\nそんときゃ\nオラのとっておきを\nプレゼントすっから。	{立绘1515}「钓鱼点数达到{色02}4000{/色}后\n再来吧\n---\n到时候\n送你俺的\n独门礼物哦
sys2_211	SYSTEM/CAMP.EMI	118	0	1715153c6f85fdafdbc105023630303006730172916d84247c6d134f8691ac8323026c8b71649201b2d47671917062648a01fbd7eddbc16a91638423	{立绘1515}「つりポイント{色02}6000{/色}に\nなったら、また来るっぺよ。\n---\nそんときゃ\nオラのとっておきを\nプレゼントすっから。	{立绘1515}「钓鱼点数达到{色02}6000{/色}后\n再来吧\n---\n到时候\n送你俺的\n独门礼物哦
sys2_212	SYSTEM/CAMP.EMI	119	0	1715153c6f85fdafdbc105023935303006730172916d84247c6d134f8691ac8323026c8b71649201b2d47671917062648a01fbd7eddbc16a91638423	{立绘1515}「つりポイント{色02}9500{/色}に\nなったら、また来るっぺよ。\n---\nそんときゃ\nオラのとっておきを\nプレゼントすっから。	{立绘1515}「钓鱼点数达到{色02}9500{/色}后\n再来吧\n---\n到时候\n送你俺的\n独门礼物哦
sys2_213	SYSTEM/CAMP.EMI	121	0	1715153c690b916369246a8b988f728c016f5f73245e8b6e928b77016f852464897f6e7c916dac635b028060205e8b6e928b7701128480957d717f86018591a9726f8512f112de9f91ac23	{立绘1515}「し{码0B}っかし、すんげぇなぁ\nついに、あんちゃんは\nつり、きわめちまったぺか‥\n---\nもう{码20}あんちゃんは\n誰もがみとめる\nりっぱなつり名人だっぺ。	{立绘1515}「不{码0B}过，真了不起啊\n小哥终于\n达到垂钓的极致了…\n---\n小哥已经是\n大家都公认的\n出色的钓鱼名人了
sys2_214	SYSTEM/CAMP.EMI	123	0	1716163caeafc0ce76124e12af950105023830067372916d84017c6d6470659f685f2302678795a2646d840171917062647620132f8a0113556186a26a8323	{立绘1616}「アイテムの種類が\n{色02}80{/色}になったら\nまたきてください。\n---\nこれができたら\nとっておきの{码20}技を\n教えるですよ。	{立绘1616}「道具种类达到\n{色02}80{/色}种后\n再来吧\n---\n做到的话\n就教你独门\n绝技哦
sys2_215	SYSTEM/CAMP.EMI	124	0	1716163caeafc0ce76124e12af95010502313230067372916d84017c6d6470659f685f2302678795a2646d840171917062647620132f8a0113556186a26a8323	{立绘1616}「アイテムの種類が\n{色02}120{/色}になったら\nまたきてください。\n---\nこれができたら\nとっておきの{码20}技を\n教えるですよ。	{立绘1616}「道具种类达到\n{色02}120{/色}种后\n再来吧\n---\n做到的话\n就教你独门\n绝技哦
sys2_216	SYSTEM/CAMP.EMI	127	0	1716163c806024efdbc2126473016269618667717720725fa26a23026a70647220746a917112de12dc8a0112a78ba2659f685f5b	{立绘1616}「もう、ダンナ放に\nおしえることは{码20}ないです。\n---\nすてきな{码20}ぬすっと人生を\n步んでください‥	{立绘1616}「老爷已经没有\n什么能教的了\n---\n祝你走上精彩的\n盗贼人生…
sys2_217	SYSTEM/CAMP.EMI	129	0	1717173cb7dbf8762012b37779635f76835b0213327724b7dbf8a25b0105023135303006efcf5deb12c912688a0112cb69707d708323026c60696d842413327601bab4d68a20135561705e98868323	{立绘1717}「コンボの{码20}道はふかいのよ‥\n---\n次は、コンボで‥\n{色02}1500{/色}ダメ-ジ以上を\n出してみてよ。\n---\nそうしたら、次の\nスキルを{码20}教えてあげるよ。	{立绘1717}「连击之道很深奥…\n---\n下次用连击\n打出{色02}1500{/色}\n以上的伤害试试\n---\n做到的话\n就教你下一个技能
sys2_218	SYSTEM/CAMP.EMI	130	0	1717173cb7dbf8762012b37779635f76835b0213327724b7dbf8a25b0105023330303006efcf5deb12c912688a0112cb69707d708323026c60696d842413327601bab4d68a20135561705e98868323	{立绘1717}「コンボの{码20}道はふかいのよ‥\n---\n次は、コンボで‥\n{色02}3000{/色}ダメ-ジ以上を\n出してみてよ。\n---\nそうしたら、次の\nスキルを{码20}教えてあげるよ。	{立绘1717}「连击之道很深奥…\n---\n下次用连击\n打出{色02}3000{/色}\n以上的伤害试试\n---\n做到的话\n就教你下一个技能
sys2_219	SYSTEM/CAMP.EMI	131	0	1717173cb7dbf8762012b37779635f76835b0213327724b7dbf8a25b010502313030303006efcf5deb12c912688a0112cb69707d708323026c60696d842413327601bab4d68a20135561705e98868323	{立绘1717}「コンボの{码20}道はふかいのよ‥\n---\n次は、コンボで‥\n{色02}10000{/色}ダメ-ジ以上を\n出してみてよ。\n---\nそうしたら、次の\nスキルを{码20}教えてあげるよ。	{立绘1717}「连击之道很深奥…\n---\n下次用连击\n打出{色02}10000{/色}\n以上的伤害试试\n---\n做到的话\n就教你下一个技能
sys2_220	SYSTEM/CAMP.EMI	133	0	1717173cbae9af8975245e726d13515b018060245e6d6995011355618667717720725f8923	{立绘1717}「スゴイわね、あなた達‥\nもう、あたしが\n教えることは{码20}ないわ。	{立绘1717}「真厉害啊你们…\n我已经没有什么\n能教你们的了
sys2_221	SYSTEM/CAMP.EMI	135	0	1718183c12ad5f7612b3776c6772699f230264897f86997173015f7c7ca21280617263916d8076950112806170658623020502333030300612c91268760112c0121f8a1310706d84027c6d134f86955f5f23	{立绘1818}「戦いの道はそこなしだ。\n---\nきわめるごとに\nいままで見えなかったものが\n見えてくる。\n---\n{色02}3000{/色}以上の\n一撃を放てたら\n---\nまた来るがいい。	{立绘1818}「战斗之道无止境\n---\n每次精进\n都能看到以前\n看不到的东西\n---\n打出{色02}3000{/色}\n以上的一击后\n---\n再来吧
sys2_222	SYSTEM/CAMP.EMI	136	0	1718183c12ad5f7612b3776c6772699f230264897f86997173015f7c7ca21280617263916d8076950112806170658623020502353030300612c91268760112c0121f8a1310706d84027c6d134f86955f5f23	{立绘1818}「戦いの道はそこなしだ。\n---\nきわめるごとに\nいままで見えなかったものが\n見えてくる。\n---\n{色02}5000{/色}以上の\n一撃を放てたら\n---\nまた来るがいい。	{立绘1818}「战斗之道无止境\n---\n每次精进\n都能看到以前\n看不到的东西\n---\n打出{色02}5000{/色}\n以上的一击后\n---\n再来吧
sys2_223	SYSTEM/CAMP.EMI	137	0	1718183c12ad5f7612b3776c6772699f230264897f86997173015f7c7ca21280617263916d8076950112806170658623020502383030300612c91268760112c0121f8a1310706d84027c6d134f86955f5f23	{立绘1818}「戦いの道はそこなしだ。\n---\nきわめるごとに\nいままで見えなかったものが\n見えてくる。\n---\n{色02}8000{/色}以上の\n一撃を放てたら\n---\nまた来るがいい。	{立绘1818}「战斗之道无止境\n---\n每次精进\n都能看到以前\n看不到的东西\n---\n打出{色02}8000{/色}\n以上的一击后\n---\n再来吧
sys2_224	SYSTEM/CAMP.EMI	138	0	1718183c12ad5f7612b3776c6772699f230264897f86997173015f7c7ca21280617263916d807695011280617065862302050231323030300612c91268760112c0121f8a1310706d84027c6d134f86955f5f23	{立绘1818}「戦いの道はそこなしだ。\n---\nきわめるごとに\nいままで見えなかったものが\n見えてくる。\n---\n{色02}12000{/色}以上の\n一撃を放てたら\n---\nまた来るがいい。	{立绘1818}「战斗之道无止境\n---\n每次精进\n都能看到以前\n看不到的东西\n---\n打出{色02}12000{/色}\n以上的一击后\n---\n再来吧
sys2_225	SYSTEM/CAMP.EMI	139	0	1718183c6884728612df7d8a0180717f86728424025e7177123112aaa220676d618a0112806f6686955f5f23026212bb728420818786779c9f23	{立绘1818}「さらなる高みを\nもとめるなら、\n---\nあとは自分で{码20}こたえを\n見つけるがいい。\n---\nお前なら{码20}やれるはずだ。	{立绘1818}「若想追求\n更高的境界\n---\n剩下的就自己去\n寻找答案吧\n---\n你能做到的
sys2_226	SYSTEM/CAMP.EMI	141	0	1719193c12da777c9f7c9f0112e0a5646c60a26a633f02129465728612aa9f660112de77649c6f64816a657286677180015e857c6a23027c6d5f6fa280016d9c75706470659f685f23	{立绘1919}「旅はまだまだ\n長びきそうですか？\n---\n強くなる分だけ\n人はきずつきやすくなることも\nあります。\n---\nまたいつでも\nたずねてきてください。	{立绘1919}「旅途还要\n继续吗？\n---\n越强大\n越容易受伤\n也是常有的\n---\n随时\n欢迎再来
sys2_227	SYSTEM/CAMP.EMI	142	0	1719193c12da777c9f7c9f0112e0a5646c60a26a633f02129465728612aa9f660112de77649c6f64816a657286677180015e857c6a23027c6d5f6fa280016d9c75706470659f685f23	{立绘1919}「旅はまだまだ\n長びきそうですか？\n---\n強くなる分だけ\n人はきずつきやすくなることも\nあります。\n---\nまたいつでも\nたずねてきてください。	{立绘1919}「旅途还要\n继续吗？\n---\n越强大\n越容易受伤\n也是常有的\n---\n随时\n欢迎再来
sys2_228	SYSTEM/CAMP.EMI	143	0	1719193c12da777c9f7c9f0112e0a5646c60a26a633f02129465728612aa9f660112de77649c6f64816a657286677180015e857c6a23027c6d5f6fa280016d9c75706470659f685f23	{立绘1919}「旅はまだまだ\n長びきそうですか？\n---\n強くなる分だけ\n人はきずつきやすくなることも\nあります。\n---\nまたいつでも\nたずねてきてください。	{立绘1919}「旅途还要\n继续吗？\n---\n越强大\n越容易受伤\n也是常有的\n---\n随时\n欢迎再来
sys2_229	SYSTEM/CAMP.EMI	144	0	1719193c12da777c9f7c9f0112e0a5646c60a26a633f02129465728612aa9f660112de77649c6f64816a657286677180015e857c6a23027c6d5f6fa280016d9c75706470659f685f23	{立绘1919}「旅はまだまだ\n長びきそうですか？\n---\n強くなる分だけ\n人はきずつきやすくなることも\nあります。\n---\nまたいつでも\nたずねてきてください。	{立绘1919}「旅途还要\n继续吗？\n---\n越强大\n越容易受伤\n也是常有的\n---\n随时\n欢迎再来
sys2_230	SYSTEM/CAMP.EMI	145	0	1719193c896d697612c791705f86124c696477017d8b7213556170697c5f7c696d23025e7173a26486677177015e6d6d6365017e636186677165845fa26a23026da5736f63876d84015f6fa280626769659f685f23	{立绘1919}「わたしの持っている知しきは\nみんな教えてしまいました。\n---\nあとにできることは\nあたたかく\nむかえることくらいです。\n---\nたびにつかれたら\nいつでもおこしください。	{立绘1919}「我的知识\n全部教给你们了\n---\n剩下的只有\n温暖地\n迎接你们了\n---\n旅途累了\n随时过来吧
sys2_231	SYSTEM/CAMP.EMI	147	0	171a1a3c5b12ad612101b2c1b77712ad606771a2767d017d9563878623027e888bb2dbc2809f23027173636512ad12ae120612c895010502333030068a67616d8401133276132f8a689c66836023	{立绘1A1A}「‥戦え！\nオトコは戦うことでのみ\nみがかれる。\n---\nむろんオンナもだ。\n---\nとにかく戦闘回数が\n{色02}300{/色}をこえたら\n次の技をさずけよう。	{立绘1A1A}「‥战斗！\n男人只有在战斗中\n才能被磨炼\n---\n女人也一样\n---\n总之战斗次数\n超过{色02}300{/色}后\n就传授下一个招式
sys2_232	SYSTEM/CAMP.EMI	148	0	171a1a3c5b12ad612101b2c1b77712ad606771a2767d017d9563878623027e888bb2dbc2809f23027173636512ad12ae120612c895010502343030068a67616d8401133276132f8a689c66836023	{立绘1A1A}「‥戦え！\nオトコは戦うことでのみ\nみがかれる。\n---\nむろんオンナもだ。\n---\nとにかく戦闘回数が\n{色02}400{/色}をこえたら\n次の技をさずけよう。	{立绘1A1A}「‥战斗！\n男人只有在战斗中\n才能被磨炼\n---\n女人也一样\n---\n总之战斗次数\n超过{色02}400{/色}后\n就传授下一个招式
sys2_233	SYSTEM/CAMP.EMI	149	0	171a1a3c5b12ad612101b2c1b77712ad606771a2767d017d9563878623027e888bb2dbc2809f23027173636512ad12ae120612c895010502353030068a67616d8401133276132f8a689c66836023	{立绘1A1A}「‥戦え！\nオトコは戦うことでのみ\nみがかれる。\n---\nむろんオンナもだ。\n---\nとにかく戦闘回数が\n{色02}500{/色}をこえたら\n次の技をさずけよう。	{立绘1A1A}「‥战斗！\n男人只有在战斗中\n才能被磨炼\n---\n女人也一样\n---\n总之战斗次数\n超过{色02}500{/色}后\n就传授下一个招式
sys2_234	SYSTEM/CAMP.EMI	150	0	171a1a3c5b12ad612101b2c1b77712ad606771a2767d017d9563878623027e888bb2dbc2809f23027173636512ad12ae120612c895010502363030068a67616d8401133276132f8a689c66836023	{立绘1A1A}「‥戦え！\nオトコは戦うことでのみ\nみがかれる。\n---\nむろんオンナもだ。\n---\nとにかく戦闘回数が\n{色02}600{/色}をこえたら\n次の技をさずけよう。	{立绘1A1A}「‥战斗！\n男人只有在战斗中\n才能被磨炼\n---\n女人也一样\n---\n总之战斗次数\n超过{色02}600{/色}后\n就传授下一个招式
sys2_235	SYSTEM/CAMP.EMI	151	0	171a1a3c627c616d6e2402b2d776132f8a12a9131c62a8617001697c916da277725f6321020b5b7c5e5f5f2301b2d77613556112649501836a966d769f88602302638b69928a896a877483607323	{立绘1A1A}「おまえたち、\n---\nオレの技を全部おぼえて\nしまったではないか！\n---\n{码0B}‥まあいい。\nオレの教え放が\nよすぎたのだろう。\n---\nかんしゃをわすれぬように。	{立绘1A1A}「你们…\n---\n竟然已经把老夫的招式\n全都学去了\n---\n{码0B}…算了\n大概是老夫教导得\n太好了吧\n---\n别忘了感恩
sys2_236	SYSTEM/CAMP.EMI	153	0	171b1b3c7f9c84695f62128201a38ba38b12c79170647081230205020923050612c91268760180769512ce7312bd916d8424027c6d12cd6301135561705e987c6a8923	{立绘1B1B}「めずらしいお宝\nどんどん持ってきてや。\n---\n{色02}{道具2305}{/色}以上の\nものが手に入ったら、\n---\nまた何か\n教えてあげますわ。	{立绘1B1B}「稀有宝物\n尽管拿来吧\n---\n得到{色02}{道具2305}{/色}\n以上的东西后\n---\n再教你\n些什么
sys2_237	SYSTEM/CAMP.EMI	154	0	171b1b3c7f9c84695f62128201a38ba38b12c79170647081230205020925050612c91268760180769512ce7312bd916d8424027c6d12cd6301135561705e987c6a8923	{立绘1B1B}「めずらしいお宝\nどんどん持ってきてや。\n---\n{色02}{道具2505}{/色}以上の\nものが手に入ったら、\n---\nまた何か\n教えてあげますわ。	{立绘1B1B}「稀有宝物\n尽管拿来吧\n---\n得到{色02}{道具2505}{/色}\n以上的东西后\n---\n再教你\n些什么
sys2_238	SYSTEM/CAMP.EMI	155	0	171b1b3c7f9c84695f62128201a38ba38b12c791706470812302050209270506950112ce7312bd916d8424027c6d12cd6301135561705e987c6a8923	{立绘1B1B}「めずらしいお宝\nどんどん持ってきてや。\n---\n{色02}{道具2705}{/色}が\n手に入ったら、\n---\nまた何か\n教えてあげますわ。	{立绘1B1B}「稀有宝物\n尽管拿来吧\n---\n{色02}{道具2705}{/色}\n到手之后\n---\n再教你\n些什么
sys2_239	SYSTEM/CAMP.EMI	157	0	171b1b3c050309960406a201d9af7780602412c3129387a26a8923	{立绘1B1B}「{色03}{道具9604}{/色}で\nワイはもう、品切れですわ。	{立绘1B1B}「{色03}{道具9604}{/色}\n已经断货了
sys2_240	SYSTEM/CAMP.EMI	159	0	b5d8b5766d73	クロクのたに	克罗克谷
sys2_241	SYSTEM/CAMP.EMI	160	0	b0afdbf2ddae	ウインディア	温迪亚
sys2_242	SYSTEM/CAMP.EMI	161	0	b9e35db5	シュ-ク	舒克
sys2_243	SYSTEM/CAMP.EMI	162	0	bedfb5	チェク	切克
sys2_244	SYSTEM/CAMP.EMI	163	0	134b12ec134c134d76779b	黄金平野のはじ	黄金平野边缘
sys2_245	SYSTEM/CAMP.EMI	164	0	d5fb	リプ	里普
sys2_246	SYSTEM/CAMP.EMI	165	0	71609e6576aeebc1	とうぞくのアジト	盗贼据点
sys2_247	SYSTEM/CAMP.EMI	166	0	c95dd7db761346	フ-レンの里	弗伦的故里
sys2_248	SYSTEM/CAMP.EMI	167	0	134512d812d1	山小屋	山间小屋
sys2_249	SYSTEM/CAMP.EMI	168	0	bbc5babd	セネスタ	塞内斯塔
sys2_250	SYSTEM/CAMP.EMI	169	0	b8d6f2dddb	サルディン	萨尔丁
sys2_251	SYSTEM/CAMP.EMI	170	0	bbc5babd	セネスタ	塞内斯塔
sys2_252	SYSTEM/CAMP.EMI	171	0	686495663a12e78385801295652412cc1287a26486	さきがけ：敵よりも早く、行動できる	先手：比敌人更早行动
sys2_253	SYSTEM/CAMP.EMI	172	0	768ba5853a12508a77726a715b	のんびり：目をはなすと‥	悠闲：一不留神…
sys2_254	SYSTEM/CAMP.EMI	173	0	625f606e3ab7dbf812f42412f391705f8612e773c1f3cf8a686a	おいうち：コンボ時、弱っている敵にトドメをさす	追击：连击时对虚弱的敌人给予致命一击
sys2_255	SYSTEM/CAMP.EMI	174	0	638b686f3a1256121f8a128012938628d45dc3dbe712dd555029	かんさつ：攻撃を見切る（ラ-ニング率UP）	观察：看破攻击（学习率提升）
sys2_256	SYSTEM/CAMP.EMI	175	0	72647e693a12ea121f95a26d843c1245121d3e737286	なきむし：反撃がでたら「必殺」になる	爱哭：受到反击后变为「必杀」
sys2_257	SYSTEM/CAMP.EMI	176	0	668b81653aaeafc0ce953caebdd56f643e737286	けんやく：アイテムが「アタリつき」になる	节俭：道具变为「附带奖励」
sys2_258	SYSTEM/CAMP.EMI	177	0	5f6d9f643a12806d677195725faeafc0ce8a125812ce73746a7e	いただき：見たことがないアイテムを勝手にぬすむ	掠取：自动偷取未见过的道具
sys2_259	SYSTEM/CAMP.EMI	178	0	12a9124d3a128d87a41201645f95248181123c120012dd95689586	全力：当れば大きいが、やや命中率がさがる	全力：命中后威力大，但命中率略降
sys2_260	SYSTEM/CAMP.EMI	179	0	698b958b3a313030126631303012003f	しんがん：100発100中？	心眼：百发百中？
sys2_261	SYSTEM/CAMP.EMI	180	0	63a4603a788b12e876132113037a761256121f8a123112aa9513046686	かばう：ひん死の仲間への攻撃を自分が受ける	掩护：替濒死队友承受攻击
sys2_262	SYSTEM/CAMP.EMI	181	0	e5e1bf213a132265708024132312d5a212336e12689586	ガッツ！：痛くても、根性で立ち上がる	毅力！：受伤也能凭毅力站起来
sys2_263	SYSTEM/CAMP.EMI	182	0	8365a4853a12ad12aea280846186edc35d95796186	よくばり：戦闘でもらえるゼニ-がふえる	贪婪：战斗获得的泽尼增加
sys2_264	SYSTEM/CAMP.EMI	183	0	2005014652454506	{码20}{色01}FREE{/色}	 {色01}空闲{/色}
sys2_265	SYSTEM/CAMP.EMI	184	0	d4b0d6c9	ラウルフ	拉尔夫
sys2_266	SYSTEM/CAMP.EMI	185	0	d0d0	モモ	莫莫
sys2_267	SYSTEM/CAMP.EMI	186	0	b5d4dbb5	クランク	克兰克
sys2_268	SYSTEM/CAMP.EMI	187	0	bedfb57612e01356	チェクの長老	切克长老
sys2_269	SYSTEM/CAMP.EMI	188	0	133e12efdbebe4d0	妖精ンジョモ	妖精恩乔莫
sys2_270	SYSTEM/CAMP.EMI	189	0	e6e4b9d6	ギョシル	吉西尔
sys2_271	SYSTEM/CAMP.EMI	190	0	bac1d6	ストル	斯特尔
sys2_272	SYSTEM/CAMP.EMI	191	0	b0c2	ウナ	云娜
sys2_273	SYSTEM/CAMP.EMI	192	0	f4f4f2d6	ババデル	巴巴德尔
sys2_274	SYSTEM/CAMP.EMI	193	0	d5bd	リタ	丽塔
sys2_275	SYSTEM/CAMP.EMI	194	0	b35ddb	カ-ン	卡恩
sys2_276	SYSTEM/CAMP.EMI	195	0	cc5dd8e1b5	マ-ロック	马洛克
sys2_277	SYSTEM/CAMP.EMI	196	0	68649566	さきがけ	先手
sys2_278	SYSTEM/CAMP.EMI	197	0	768ba585	のんびり	悠闲
sys2_279	SYSTEM/CAMP.EMI	198	0	625f606e	おいうち	追击
sys2_280	SYSTEM/CAMP.EMI	199	0	638b686f	かんさつ	观察
sys2_281	SYSTEM/CAMP.EMI	200	0	72647e69	なきむし	爱哭
sys2_282	SYSTEM/CAMP.EMI	201	0	668b8165	けんやく	节俭
sys2_283	SYSTEM/CAMP.EMI	202	0	5f6d9f64	いただき	掠取
sys2_284	SYSTEM/CAMP.EMI	203	0	12a9124d	全力	全力
sys2_285	SYSTEM/CAMP.EMI	204	0	698b958b	しんがん	心眼
sys2_286	SYSTEM/CAMP.EMI	205	0	63a460	かばう	掩护
sys2_287	SYSTEM/CAMP.EMI	206	0	e5e1bf21	ガッツ！	毅力！
sys2_288	SYSTEM/CAMP.EMI	207	0	8365a485	よくばり	贪婪
sys2_289	SYSTEM/CAMP.EMI	208	0	6f7e9b122a	つむじ風	旋风
sys2_290	SYSTEM/CAMP.EMI	209	0	6212336e9f5f	お立ちだい	站台
sys2_291	SYSTEM/CAMP.EMI	210	0	ccebe1b5f85dd6	マジックボ-ル	魔法球
sys2_292	SYSTEM/CAMP.EMI	211	0	7b7e84a46984	ほむらばしら	焰柱
sys2_293	SYSTEM/CAMP.EMI	212	0	bafbd75d	スプレ-	喷雾
sys2_294	SYSTEM/CAMP.EMI	213	0	12287e6985	草むしり	除草
sys2_295	SYSTEM/CAMP.EMI	214	0	b2d4b5d6	オラクル	神谕
sys2_296	SYSTEM/CAMP.EMI	215	0	638473678086	からにこもる	缩壳
sys2_297	SYSTEM/CAMP.EMI	216	0	cfe5cbdb	メガホン	扩音器
sys2_298	SYSTEM/CAMP.EMI	217	0	656064121f6e	くうき撃ち	空气击
sys2_299	SYSTEM/CAMP.EMI	218	0	6b8b9685	せんぎり	千斩
sys2_300	SYSTEM/CAMP.EMI	219	0	121c121d	滅殺	灭杀
sys2_301	SYSTEM/CAMP.EMI	220	0	122212236d7f	魔法ため	蓄魔
sys2_302	SYSTEM/CAMP.EMI	221	0	12251226	結界	结界
sys2_303	SYSTEM/CAMP.EMI	222	0	bbf6dbbabbdbba	セブンスセンス	第七感
sys2_304	SYSTEM/CAMP.EMI	223	0	12705f7c6b8b	使いません	不使用
sys2_305	SYSTEM/CAMP.EMI	224	0	a4659864	ばくげき	爆击
sys2_306	SYSTEM/CAMP.EMI	225	0	7d8b72988b64	みんなげんき	全员活力
sys2_307	SYSTEM/CAMP.EMI	226	0	f4c1d6bcdbe7	バトルソング	战之歌
sys2_308	SYSTEM/CAMP.EMI	227	0	efdbbaccb3f6d6	ダンスマカブル	死亡之舞
sys2_309	SYSTEM/CAMP.EMI	228	0	12377682a589	水のゆびわ	水之戒指
sys2_310	SYSTEM/CAMP.EMI	229	0	6d657d766862	たくみのさお	巧手钓竿
sys2_311	SYSTEM/CAMP.EMI	230	0	64897f766862	きわめのさお	极意钓竿
sys2_312	SYSTEM/CAMP.EMI	231	0	12705f7c6b8b	使いません	不使用
sys2_313	SYSTEM/CAMP.EMI	232	0	746a7e	ぬすむ	偷窃
sys2_314	SYSTEM/CAMP.EMI	233	0	beb4dbaebde1b5	チキンアタック	胆怯攻击
sys2_315	SYSTEM/CAMP.EMI	234	0	12705f7c6b8b	使いません	不使用
sys2_316	SYSTEM/CAMP.EMI	235	0	12705f7c6b8b	使いません	不使用
sys2_317	SYSTEM/CAMP.EMI	236	0	a68ba385	ぶんどり	抢夺
sys2_318	SYSTEM/CAMP.EMI	237	0	ba5df95db7dbf8	ス-パ-コンボ	超级连击
sys2_319	SYSTEM/CAMP.EMI	238	0	5ea48786	あばれる	暴走
sys2_320	SYSTEM/CAMP.EMI	239	0	12705f7c6b8b	使いません	不使用
sys2_321	SYSTEM/CAMP.EMI	240	0	7d75606e	みねうち	刀背打
sys2_322	SYSTEM/CAMP.EMI	241	0	b3b0dbbd5d	カウンタ-	反击
sys2_323	SYSTEM/CAMP.EMI	242	0	b9e2f3b0b0e05db5	シャドウウォ-ク	暗影步
sys2_324	SYSTEM/CAMP.EMI	243	0	b3b5e9	カクゴ	觉悟
sys2_325	SYSTEM/CAMP.EMI	244	0	625f7685	おいのり	祈祷
sys2_326	SYSTEM/CAMP.EMI	245	0	1216121f	神撃	神击
sys2_327	SYSTEM/CAMP.EMI	246	0	1201120f1210	大防御	大防御
sys2_328	SYSTEM/CAMP.EMI	247	0	f7c5f2ddb5b9e4db	ベネディクション	祝福
sys2_329	SYSTEM/CAMP.EMI	248	0	122012216d7f	気合ため	蓄气
sys2_330	SYSTEM/CAMP.EMI	249	0	626d66a5	おたけび	怒吼
sys2_331	SYSTEM/CAMP.EMI	250	0	126712291219	散烈拳	散烈拳
sys2_332	SYSTEM/CAMP.EMI	251	0	85647e	りきむ	发力
sys2_333	SYSTEM/CAMP.EMI	252	0	627c9b725f	おまじない	护身符
sys2_334	SYSTEM/CAMP.EMI	253	0	7871859b7f	ひとりじめ	独占
sys2_335	SYSTEM/CAMP.EMI	254	0	d65dd7e1c1	ル-レット	轮盘
sys2_336	SYSTEM/CAMP.EMI	255	0	12705f7c6b8b	使いません	不使用
sys2_337	SYSTEM/COMMU09B.EMI	1	0	0c8a14820c82775f015f5f61	{框8A}{码14820C82}はい\nいいえ	{框8A}{码14820C82}是\n否
sys2_338	SYSTEM/COMMU09B.EMI	2	0	0c8814820c82775f015f5f61	{框88}{码14820C82}はい\nいいえ	{框88}{码14820C82}是\n否
sys2_339	SYSTEM/COMMU09B.EMI	3	0	cfd0d55db35df37620bedfe1b51200a26a	メモリ-カ-ドの{码20}チェック中です	记忆卡检查中
sys2_340	SYSTEM/COMMU09B.EMI	4	0	c9dcafd67620bedfe1b51200a26a	ファイルの{码20}チェック中です	文件检查中
sys2_341	SYSTEM/COMMU09B.EMI	5	0	cfd0d55db35df395205e857c6b8b	メモリ-カ-ドが{码20}ありません	未找到记忆卡
sys2_342	SYSTEM/COMMU09B.EMI	6	0	6991a95f697c696d20818572626970659f685f	しっぱいしました{码20}やりなおしてください	操作失败，请重试
sys2_343	SYSTEM/COMMU09B.EMI	7	0	bedfe1b573206991a95f697c696d	チェックに{码20}しっぱいしました	检查失败
sys2_344	SYSTEM/COMMU09B.EMI	8	0	cfd0d55db35df395201273129b129c6887705f7c6b8b	メモリ-カ-ドが{码20}初期化されていません	记忆卡尚未格式化
sys2_345	SYSTEM/COMMU09B.EMI	9	0	cfd0d55db35df395201273129b129c6887705f7c6b8b01cfd0d55db35df38a201273129b129c697c6a63	メモリ-カ-ドが{码20}初期化されていません\nメモリ-カ-ドを{码20}初期化しますか	记忆卡尚未格式化\n要格式化记忆卡吗
sys2_346	SYSTEM/COMMU09B.EMI	10	0	128c128d73201273129b129c69708388695fa26a63	本当に{码20}初期化してよろしいですか	确定要格式化吗
sys2_347	SYSTEM/COMMU09B.EMI	11	0	1273129b129c12005b20cfd0d55db35df38a132b63725fa2659f685f	初期化中‥{码20}メモリ-カ-ドを抜かないでください	格式化中…请勿取出记忆卡
sys2_348	SYSTEM/COMMU09B.EMI	12	0	1273129b129c9512b889857c696d	初期化が終わりました	格式化完成
sys2_349	SYSTEM/COMMU09B.EMI	13	0	1273129b129c73206991a95f697c696d	初期化に{码20}しっぱいしました	格式化失败
sys2_350	SYSTEM/COMMU09B.EMI	14	0	0c8714810c82775f015f5f61	{框87}{码14810C82}はい\nいいえ	{框87}{码14810C82}是\n否
sys2_351	SYSTEM/COMMU09B.EMI	15	0	204e4f2044415441	{码20}NO{码20}DATA	 无存档数据
sys2_352	SYSTEM/COMMU09B.EMI	16	0	555345442044415441	USED{码20}DATA	已用数据
sys2_353	SYSTEM/COMMU09B.EMI	17	0	5b434845434b494e47	‥CHECKING	…检查中
sys2_354	SYSTEM/COMMU09B.EMI	18	0	4c4f4144	LOAD	读取
sys2_355	SYSTEM/COMMU09B.EMI	19	0	a36e8476cfd0d55db35df3638420d85df3697c6a63	どちらのメモリ-カ-ドから{码20}ロ-ドしますか	从哪边记忆卡读取
sys2_356	SYSTEM/COMMU09B.EMI	20	0	a376c9dcafd68a20d85df3697c6a63	どのファイルを{码20}ロ-ドしますか	读取哪个文件
sys2_357	SYSTEM/COMMU09B.EMI	21	0	d85df36970208388695fa26a63	ロ-ドして{码20}よろしいですか	确定要读取吗
sys2_358	SYSTEM/COMMU09B.EMI	22	0	d85df312005b20cfd0d55db35df38a132b63725fa2659f685f	ロ-ド中‥{码20}メモリ-カ-ドを抜かないでください	读取中…请勿取出记忆卡
sys2_359	SYSTEM/COMMU09B.EMI	23	0	d85df3952012b889857c696d	ロ-ドが{码20}終わりました	读取完成
sys2_360	SYSTEM/COMMU09B.EMI	24	0	c9dcafd68a20b25dfbdba2647c6b8b	ファイルを{码20}オ-プンできません	无法打开文件
sys2_361	SYSTEM/COMMU09B.EMI	25	0	f6d7bab2f6c9dcafae15057620c9dcafd6955e857c6b8b	ブレスオブファイア{符号2 05}の{码20}ファイルがありません	没有龙战士{符号2 05}的存档文件
sys2_362	SYSTEM/COMMU09B.EMI	26	0	c9dcafd69520678987705f7c6a	ファイルが{码20}こわれています	文件已损坏
sys2_363	SYSTEM/COMMU09B.EMI	27	0	d85df373206991a95f697c696d	ロ-ドに{码20}しっぱいしました	读取失败
sys2_364	SYSTEM/COMMU09B.EMI	28	0	c9dcafd695205e857c6b8b	ファイルが{码20}ありません	没有文件
sys2_365	SYSTEM/COMMU09B.EMI	29	0	f6d7bab2f6c9dcafae150576c9dcafd6a2775e857c6b8b	ブレスオブファイア{符号2 05}のファイルではありません	不是龙战士{符号2 05}的文件
sys2_366	SYSTEM/COMMU09B.EMI	30	0	c9dcafd68ad85df3a2647c6b8b	ファイルをロ-ドできません	无法读取文件
sys2_367	SYSTEM/COMMU09B.EMI	32	0	53415645	SAVE	存档
sys2_368	SYSTEM/COMMU09B.EMI	33	0	a36e8476cfd0d55db35df37320bb5df6697c6a63	どちらのメモリ-カ-ドに{码20}セ-ブしますか	存档到哪边记忆卡
sys2_369	SYSTEM/COMMU09B.EMI	34	0	bb5df66a86c9dcafd68a2012858ba212a8685f	セ-ブするファイルを{码20}選んで下さい	请选择存档文件
sys2_370	SYSTEM/COMMU09B.EMI	35	0	bb5df66970208388695fa26a63	セ-ブして{码20}よろしいですか	确定要存档吗
sys2_371	SYSTEM/COMMU09B.EMI	36	0	bb5df612005b20cfd0d55db35df38a132b63725fa2659f685f	セ-ブ中‥{码20}メモリ-カ-ドを抜かないでください	存档中…请勿取出记忆卡
sys2_372	SYSTEM/COMMU09B.EMI	37	0	bb5df69512b889857c696d	セ-ブが終わりました	存档完成
sys2_373	SYSTEM/COMMU09B.EMI	38	0	bb5df6c9dcafd695132c69651315124368877c6b8ba2696d	セ-ブファイルが正しく作成されませんでした	存档文件未能正确创建
sys2_374	SYSTEM/COMMU09B.EMI	39	0	cfd0d55db35df37320125364955e857c6b8b	メモリ-カ-ドに{码20}空きがありません	记忆卡空间不足
sys2_375	SYSTEM/COMMU09B.EMI	40	0	bb5df673772031f6d8e1b5124512bfa26a	セ-ブには{码20}1ブロック必要です	存档需要1个区块
sys2_376	SYSTEM/COMMU09B.EMI	41	0	c9dcafd60701732012c2695fc9dcafd68a13151243697c6a63	ファイル{占位01}に{码20}新しいファイルを作成しますか	文件{占位01}是否新建存档文件？
sys2_377	SYSTEM/COMMU09B.EMI	42	0	c9dcafd6070173201268132d6469708388695fa26a63	ファイル{占位01}に{码20}上書きしてよろしいですか	文件{占位01}是否覆盖存档？
sys2_378	SYSTEM/COMMU09B.EMI	43	0	6776c9dcafd673201268132d646a86128377a2647c6b8b	このファイルに{码20}上書きする事はできません	此文件无法覆盖
sys2_379	SYSTEM/COMMU09B.EMI	44	0	44415441204552524f52	DATA{码20}ERROR	数据错误
sys2_380	SYSTEM/COMMU09B.EMI	47	0	12641290b45d126812a83acfd0d55db35df38a128512ba01050a1500063a1288127c01050a1501063abb5df62fd85df38a817f86	放向キ-上下：メモリ-カ-ドを選択\n{色0A}{符号2 00}{/色}：決定\n{色0A}×{/色}：セ-ブ/ロ-ドをやめる	方向键上下：选择记忆卡\n{色0A}{符号2 00}{/色}：确定\n{色0A}×{/色}：取消存档/读取
sys2_381	SYSTEM/COMMU09B.EMI	48	0	12641290b45d203ab35dbcd67612861287014c31404c323a0112f41303120e1201638412d876f25dbd73b35dbcd6128612870252314052323a0112f41303120e12d86384120176f25dbd73b35dbcd61286128702050a150006203a1288127c01050a150106203acfd0d55db35df3128512ba12a112a273128f86	放向キ-{码20}：カ-ソルの移動\nL1·L2：\n時間最大から小のデ-タにカ-ソル移動\n---\nR1·R2：\n時間最小から大のデ-タにカ-ソル移動\n---\n{色0A}{符号2 00}{/色}{码20}：決定\n{色0A}×{/色}{码20}：メモリ-カ-ド選択画面に戻る	方向键：移动光标\nL1·L2：\n跳到最新存档\n---\nR1·R2：\n跳到最旧存档\n---\n{色0A}{符号2 00}{/色}：确定\n{色0A}×{/色}：返回记忆卡选择
sys2_382	SYSTEM/COMMU09B.EMI	50	0	cfd0d55db35df3135713581359317301cfd0d55db35df3955e857c6b8b02bb5df69512cc6186836001cfd0d55db35df376011270127d8a626a6a7f697c6a	メモリ-カ-ド差込口1に\nメモリ-カ-ドがありません\n---\nセ-ブが行えるよう\nメモリ-カ-ドの\n使用をおすすめします	记忆卡插槽1中\n未找到记忆卡\n---\n请准备记忆卡\n以便\n进行存档
sys2_383	SYSTEM/COMMU09B.EMI	51	0	cfd0d55db35df3135713581359317601cfd0d55db35df37320125364f6d8e1b595015e857c6b8b02bb5df69512cc618683602031f6d8e1b512c912687601125364955e8620cfd0d55db35df3761270127d8a01626a6a7f697c6a	メモリ-カ-ド差込口1の\nメモリ-カ-ドに{码20}空きブロックが\nありません\n---\nセ-ブが行えるよう{码20}1ブロック以上の\n空きがある{码20}メモリ-カ-ドの使用を\nおすすめします	记忆卡插槽1的\n记忆卡没有\n空闲区块\n---\n请确保有1个以上\n空闲区块的记忆卡\n以便进行存档
sys2_384	SYSTEM/COMMU09B.EMI	52	0	cfd0d55db35df3135713581359317601cfd0d55db35df376c9dcafd69501678987705f7c6a0267767c7ca27720e85dce120073bb5df68a0112cc60128395a2647c6b8b02bb5df69512cc618683602031f6d8e1b512c912687601125364955e8620cfd0d55db35df3761270127d8a01626a6a7f697c6a	メモリ-カ-ド差込口1の\nメモリ-カ-ドのファイルが\nこわれています\n---\nこのままでは{码20}ゲ-ム中にセ-ブを\n行う事ができません\n---\nセ-ブが行えるよう{码20}1ブロック以上の\n空きがある{码20}メモリ-カ-ドの使用を\nおすすめします	记忆卡插槽1的\n记忆卡文件\n已损坏\n---\n这样将无法\n在游戏中存档\n---\n请确保有1个以上\n空闲区块的记忆卡\n以便进行存档
sys2_385	SYSTEM/COMMU09B.EMI	53	0	20204552524f52	{码20}{码20}ERROR	  错误
sys2_386	SYSTEM/COMMU09B.EMI	54	0	0c8914810c82775f015f5f61	{框89}{码14810C82}はい\nいいえ	{框89}{码14810C82}是\n否
sys2_387	SYSTEM/COMMU09B.EMI	56	0	3120649a69	1{码20}きざし	1 征兆
sys2_388	SYSTEM/COMMU09B.EMI	57	0	3220125773636389868076	2{码20}竜にかかわるもの	2 与龙相关之物
sys2_389	SYSTEM/COMMU09B.EMI	58	0	3320124f616d12141272	3{码20}消えた王女	3 消失的公主
sys2_390	SYSTEM/COMMU09B.EMI	59	0	34201214125c76123d	4{码20}王家の剣	4 王族之剑
sys2_391	SYSTEM/COMMU09B.EMI	60	0	3520122a1257d45db0dd	5{码20}風竜ラ-ウィ	5 风龙拉维
sys2_392	SYSTEM/COMMU09B.EMI	61	0	362012d6123a	6{码20}聖地	6 圣地
sys2_393	SYSTEM/COMMU09B.EMI	62	0	3720aed6b3af761257	7{码20}アルカイの竜	7 阿尔凯之龙
sys2_394	SYSTEM/COMMU09B.EMI	63	0	3820689f7f7612b312cc64	8{码20}さだめの道行き	8 命运的旅途
sys2_395	SYSTEM/COMMU09B.EMI	64	0	392062886372868076	9{码20}おろかなるもの	9 愚者
sys2_396	SYSTEM/COMMU09B.EMI	65	0	313020133a761201133b	10{码20}西の大陸	10 西方大陆
sys2_397	SYSTEM/COMMU09B.EMI	66	0	3131207d6ea564	11{码20}みちびき	11 引导
sys2_398	SYSTEM/COMMU09B.EMI	67	0	31322012da7612b88985	12{码20}旅の終わり	12 旅途的终点
sys2_399	SYSTEM/COMMU09B.EMI	68	0	313320121671c8c171	13{码20}神とヒトと	13 神与人
sys2_400	SYSTEM/COMMU09B.EMI	70	0	0c0120bb5df68a2012b812b969708388695fa26a6301202020201509775f150a8a128512ba6a86710120202020bdafc1d612a112a273128f857c6a148c0c42775f015f5f61	{框01}{码20}セ-ブを{码20}終了してよろしいですか\n{码20}{码20}{码20}{码20}{符号2 09}はい』を選択すると\n{码20}{码20}{码20}{码20}タイトル画面に戻ります{码148C0C42}はい\nいいえ	{框01}{码20}确定要退出存档吗\n{码20}{码20}{码20}{码20}选择{符号2 09}是』后\n{码20}{码20}{码20}{码20}将返回标题画面{码148C0C42}是\n否
sys2_401	SYSTEM/COMMU09B.EMI	85	0	20202020a367a28020202020	{码20}{码20}{码20}{码20}どこでも{码20}{码20}{码20}{码20}	    随处    
sys2_402	SYSTEM/COMMU09B.EMI	86	0	202020b8d4af76134320202020	{码20}{码20}{码20}サライの町{码20}{码20}{码20}{码20}	   萨莱镇    
sys2_403	SYSTEM/COMMU09B.EMI	87	0	202020bee2dbf4761343202020	{码20}{码20}{码20}チャンバの町{码20}{码20}{码20}	   钱巴镇   
sys2_404	SYSTEM/COMMU09B.EMI	88	0	2020aebabdc21344123a123a12a82020	{码20}{码20}アスタナ基地地下{码20}{码20}	  阿斯塔纳基地地下  
sys2_405	SYSTEM/COMMU09B.EMI	89	0	20202020b4d5ae130e20202020	{码20}{码20}{码20}{码20}キリア村{码20}{码20}{码20}{码20}	    基利亚村    
sys2_406	SYSTEM/COMMU09B.EMI	90	0	20202020134512d812d12020202020	{码20}{码20}{码20}{码20}山小屋{码20}{码20}{码20}{码20}{码20}	     山间小屋     
sys2_407	SYSTEM/COMMU09B.EMI	91	0	20202020bbc5babd20202020	{码20}{码20}{码20}{码20}セネスタ{码20}{码20}{码20}{码20}	    塞内斯塔    
sys2_408	SYSTEM/COMMU09B.EMI	92	0	202020c7b9f5c1761343202020	{码20}{码20}{码20}ハシビトの町{码20}{码20}{码20}	   哈西比特镇   
sys2_409	SYSTEM/COMMU09B.EMI	93	0	20202020aebabdc220202020	{码20}{码20}{码20}{码20}アスタナ{码20}{码20}{码20}{码20}	    阿斯塔纳    
sys2_410	SYSTEM/COMMU09B.EMI	94	0	20202020d6f2ddae20202020	{码20}{码20}{码20}{码20}ルディア{码20}{码20}{码20}{码20}	    卢迪亚    
sys2_411	SYSTEM/COMMU09B.EMI	95	0	20202020b9dff32020202020	{码20}{码20}{码20}{码20}シェド{码20}{码20}{码20}{码20}{码20}	     谢德     
sys2_412	SYSTEM/COMMU09B.EMI	96	0	202020c95dd7db761346202020	{码20}{码20}{码20}フ-レンの里{码20}{码20}{码20}	   弗伦的故里   
sys2_413	SYSTEM/COMMU09B.EMI	97	0	202020b0afdbf2ddae202020	{码20}{码20}{码20}ウインディア{码20}{码20}{码20}	   温迪亚   
sys2_414	SYSTEM/COMMU09B.EMI	98	0	202020bedfb576130e20202020	{码20}{码20}{码20}チェクの村{码20}{码20}{码20}{码20}	   切克村    
sys2_415	SYSTEM/COMMU09B.EMI	99	0	20202020bcdb130e2020202020	{码20}{码20}{码20}{码20}ソン村{码20}{码20}{码20}{码20}{码20}	     索村     
sys2_416	SYSTEM/COMMU09B.EMI	100	0	20202083606b5f76130e202020	{码20}{码20}{码20}ようせいの村{码20}{码20}{码20}	   妖精之村   
sys2_417	SYSTEM/COMMU09B.EMI	101	0	20202020201354128b2020202020	{码20}{码20}{码20}{码20}{码20}関所{码20}{码20}{码20}{码20}{码20}	     关所     
sys2_418	SYSTEM/COMMU09B.EMI	102	0	20202020b9e35db520202020	{码20}{码20}{码20}{码20}シュ-ク{码20}{码20}{码20}{码20}	    舒克    
sys2_419	SYSTEM/COMMU09B.EMI	103	0	2020202020d5fb2020202020	{码20}{码20}{码20}{码20}{码20}リプ{码20}{码20}{码20}{码20}{码20}	     里普     
sys2_420	SYSTEM/COMMU09B.EMI	104	0	202020b8d6f2dddb1339202020	{码20}{码20}{码20}サルディン島{码20}{码20}{码20}	   萨尔丁岛   
sys2_421	SYSTEM/COMMU09B.EMI	105	0	202020b7b0b9ae130e20202020	{码20}{码20}{码20}コウシア村{码20}{码20}{码20}{码20}	   考西亚村    
sys2_422	SYSTEM/COMMU09B.EMI	106	0	20202020beb5ae130e20202020	{码20}{码20}{码20}{码20}チクア村{码20}{码20}{码20}{码20}	    奇库亚村    
sys2_423	SYSTEM/COMMU09B.EMI	107	0	20202020f9b0b5130e20202020	{码20}{码20}{码20}{码20}パウク村{码20}{码20}{码20}{码20}	    帕乌克村    
sys2_424	SYSTEM/COMMU09B.EMI	108	0	20202020125e1352354620202020	{码20}{码20}{码20}{码20}皇城5F{码20}{码20}{码20}{码20}	    皇城5层    
sys2_425	SYSTEM/COMMU09B.EMI	109	0	202020125e1352123a12a83446202020	{码20}{码20}{码20}皇城地下4F{码20}{码20}{码20}	   皇城地下4层   
sys2_426	SYSTEM/COMMU09B.EMI	110	0	20202020125e1352314620202020	{码20}{码20}{码20}{码20}皇城1F{码20}{码20}{码20}{码20}	    皇城1层    
sys2_427	SYSTEM/COMMU09B.EMI	111	0	2020202020125f133d2020202020	{码20}{码20}{码20}{码20}{码20}帝都{码20}{码20}{码20}{码20}{码20}	     帝都     
sys2_428	SYSTEM/COMMU09B.EMI	112	0	2020202012157612005b20202020	{码20}{码20}{码20}{码20}夢の中‥{码20}{码20}{码20}{码20}	    梦境中…    
sys2_429	SYSTEM/COMMU09B.EMI	130	0	2020201201120213061338131c20202020	{码20}{码20}{码20}大砂漠南部{码20}{码20}{码20}{码20}	   大沙漠南部    
sys2_430	SYSTEM/COMMU09B.EMI	131	0	202020d6f2ddae123a1264202020	{码20}{码20}{码20}ルディア地放{码20}{码20}{码20}	   卢迪亚地方   
sys2_431	SYSTEM/COMMU09B.EMI	132	0	2020b0afdbf2ddae123a12642020	{码20}{码20}ウインディア地放{码20}{码20}	  温迪亚地方  
sys2_432	SYSTEM/COMMU09B.EMI	133	0	202020201200134712df123a20202020	{码20}{码20}{码20}{码20}中央高地{码20}{码20}{码20}{码20}	    中央高地    
sys2_433	SYSTEM/COMMU09B.EMI	134	0	202020b9e35db5123a1264202020	{码20}{码20}{码20}シュ-ク地放{码20}{码20}{码20}	   舒克地方   
sys2_434	SYSTEM/COMMU09B.EMI	135	0	202020aebabddb123a1264202020	{码20}{码20}{码20}アスタン地放{码20}{码20}{码20}	   阿斯坦地方   
sys2_435	SYSTEM/COMMU09B.EMI	136	0	2020201201120213061349131c20202020	{码20}{码20}{码20}大砂漠北部{码20}{码20}{码20}{码20}	   大沙漠北部    
sys2_436	SYSTEM/COMMU09B.EMI	137	0	202020fcafbd1348133920202020	{码20}{码20}{码20}ペイタ半島{码20}{码20}{码20}{码20}	   佩塔半岛    
sys2_437	SYSTEM/COMMU09B.EMI	138	0	202020133a1201133b1200131c20202020	{码20}{码20}{码20}西大陸中部{码20}{码20}{码20}{码20}	   西大陆中部    
sys2_438	SYSTEM/COMMU09B.EMI	139	0	202020ebdbe51345123a20202020	{码20}{码20}{码20}ジンガ山地{码20}{码20}{码20}{码20}	   金加山地    
sys2_439	SYSTEM/COMMU09B.EMI	140	0	2020202013491264134a133920202020	{码20}{码20}{码20}{码20}北放諸島{码20}{码20}{码20}{码20}	    北方诸岛    
sys2_440	SYSTEM/COMMU09B.EMI	141	0	20202020b9b276120a20202020	{码20}{码20}{码20}{码20}シオの海{码20}{码20}{码20}{码20}	    潮之海    
sys2_441	SYSTEM/COMMU09B.EMI	142	0	20202020134b12ec134c134d20202020	{码20}{码20}{码20}{码20}黄金平野{码20}{码20}{码20}{码20}	    黄金平野    
sys2_442	SYSTEM/COMMU09B.EMI	143	0	202020133a1201133b1338131c20202020	{码20}{码20}{码20}西大陸南部{码20}{码20}{码20}{码20}	   西大陆南部    
sys2_443	SYSTEM/COMMU09B.EMI	144	0	e85dce127b127c	ゲ-ム設定	游戏设置
sys2_444	SYSTEM/COMMU09B.EMI	145	0	f8bddb127b127c	ボタン設定	按键设置
sys2_445	SYSTEM/COMMU09B.EMI	146	0	bab5d55ddb	スクリ-ン	画面
sys2_446	SYSTEM/COMMU09B.EMI	147	0	1273129b129c	初期化	重置
sys2_447	SYSTEM/COMMU09B.EMI	148	0	129d1287129e1275	振動機能	振动功能
sys2_448	SYSTEM/COMMU09B.EMI	149	0	efe1b9e3	ダッシュ	冲刺
sys2_449	SYSTEM/COMMU09B.EMI	150	0	b3cfd4	カメラ	视角
sys2_450	SYSTEM/COMMU09B.EMI	151	0	12641290b45d	放向キ-	方向键
sys2_451	SYSTEM/COMMU09B.EMI	152	0	cfe1bb5deb	メッセ-ジ	消息
sys2_452	SYSTEM/COMMU09B.EMI	153	0	b8b0dbf3	サウンド	声音
sys2_453	SYSTEM/COMMU09B.EMI	154	0	42474d	BGM	BGM
sys2_454	SYSTEM/COMMU09B.EMI	155	0	5345	SE	SE
sys2_455	SYSTEM/COMMU09B.EMI	156	0	b7dbf9ba	コンパス	罗盘
sys2_456	SYSTEM/COMMU09B.EMI	157	0	4f4646	OFF	关
sys2_457	SYSTEM/COMMU09B.EMI	158	0	4f4e	ON	开
sys2_458	SYSTEM/COMMU09B.EMI	159	0	ccc3e3aed6	マニュアル	手动
sys2_459	SYSTEM/COMMU09B.EMI	160	0	b25dc1	オ-ト	自动
sys2_460	SYSTEM/COMMU09B.EMI	161	0	c65dccd6	ノ-マル	普通
sys2_461	SYSTEM/COMMU09B.EMI	162	0	d5f45dba	リバ-ス	反向
sys2_462	SYSTEM/COMMU09B.EMI	163	0	301508	0{符号2 08}	0{符号2 08}
sys2_463	SYSTEM/COMMU09B.EMI	164	0	129234351508	右45{符号2 08}	右45{符号2 08}
sys2_464	SYSTEM/COMMU09B.EMI	165	0	129134351508	左45{符号2 08}	左45{符号2 08}
sys2_465	SYSTEM/COMMU09B.EMI	166	0	626c5f	おそい	慢
sys2_466	SYSTEM/COMMU09B.EMI	167	0	796f60	ふつう	普通
sys2_467	SYSTEM/COMMU09B.EMI	168	0	77815f	はやい	快
sys2_468	SYSTEM/COMMU09B.EMI	169	0	bac0d7b2	ステレオ	立体声
sys2_469	SYSTEM/COMMU09B.EMI	170	0	d0c6d4d6	モノラル	单声道
sys2_470	SYSTEM/COMMU09B.EMI	171	0	e85dce76127b127c8a207a8b6760697c6a	ゲ-ムの設定を{码20}へんこうします	更改游戏设置
sys2_471	SYSTEM/COMMU09B.EMI	172	0	b7dbc1d85dd476127b127c8a207a8b6760697c6a011507129f12a076127b127c7720bdaffb0700a26a	コントロ-ラの設定を{码20}へんこうします\n{符号2 07}現在の設定は{码20}タイプ{占位00}です	更改手柄设置\n{符号2 07}当前设置为类型{占位00}
sys2_472	SYSTEM/COMMU09B.EMI	173	0	12a112a2fdebb9e4db8a2012a3127e697c6a	画面ポジションを{码20}調整します	调整画面位置
sys2_473	SYSTEM/COMMU09B.EMI	174	0	6aa77076127b127c8a201273129b1278127973128f697c6a011507f8bddb127b127c24bab5d55ddb801273129b1278127973128f857c6a	すべての設定を{码20}初期状態に戻します\n{符号2 07}ボタン設定、スクリ-ンも初期状態に戻ります	将所有设置恢复为初始状态\n{符号2 07}手柄设置和画面也将恢复初始状态
sys2_474	SYSTEM/COMMU09B.EMI	175	0	6aa77076127b127c8a201273129b129c69708388695fa26a63	すべての設定を{码20}初期化してよろしいですか	确定要将所有设置重置吗
sys2_475	SYSTEM/COMMU09B.EMI	176	0	129d1287129e127576204f4e2f4f464695a2647c6a011507129d1287129e127577f2e3aed6b9e4e1b5a26212a4697d659f685f	振動機能の{码20}ON/OFFができます\n{符号2 07}振動機能はデュアルショックでお楽しみください	可开启或关闭振动功能\n{符号2 07}振动功能需使用震动手柄
sys2_476	SYSTEM/COMMU09B.EMI	177	0	efe1b9e3f8bddb8a12a5697012a686632412a765638a1285a77c6a011507aec2d8e7d05df3a2802082606760a26a	ダッシュボタンを押して走るか、步くかを選べます\n{符号2 07}アナログモ-ドでも{码20}ゆうこうです	按下冲刺键可选择奔跑或步行\n{符号2 07}模拟模式同样有效
sys2_477	SYSTEM/COMMU09B.EMI	178	0	b3cfd4957c8986126412908a207a8b6760697c6a	カメラがまわる放向を{码20}へんこうします	更改视角旋转方向
sys2_478	SYSTEM/COMMU09B.EMI	179	0	12641290b45d126812a812911292a272727f1286128773127b127ca2647c6a011507c9dd5dd6f312861287767d2082606760a26a	放向キ-上下左右でななめ移動に設定できます\n{符号2 07}フィ-ルド移動のみ{码20}ゆうこうです	方向键上下左右可设置斜向移动\n{符号2 07}仅在地图移动时有效
sys2_479	SYSTEM/COMMU09B.EMI	180	0	cfe1bb5debbafa5df38a207a8b6760697c6a	メッセ-ジスピ-ドを{码20}へんこうします	更改消息显示速度
sys2_480	SYSTEM/COMMU09B.EMI	181	0	b8b0dbf3127b127c8a207a8b6760697c6a	サウンド設定を{码20}へんこうします	更改声音设置
sys2_481	SYSTEM/COMMU09B.EMI	182	0	42474d76f8d5e35dce8a2012a3127e697c6a	BGMのボリュ-ムを{码20}調整します	调整BGM音量
sys2_482	SYSTEM/COMMU09B.EMI	183	0	534576f8d5e35dce8a2012a3127e697c6a	SEのボリュ-ムを{码20}調整します	调整SE音量
sys2_483	SYSTEM/COMMU09B.EMI	184	0	6aa77076127b127c8a201273129b129c697c696d	すべての設定を{码20}初期化しました	所有设置已重置
sys2_484	SYSTEM/COMMU09B.EMI	185	0	12641290b45d126812a83ab7ccdbf38a128512ba01050a1500063a1288127c01050a1501063ae85dce127b127c7612b812b9	放向キ-上下：コマンドを選択\n{色0A}{符号2 00}{/色}：決定\n{色0A}×{/色}：ゲ-ム設定の終了	方向键上下：选择指令\n{色0A}{符号2 00}{/色}：确定\n{色0A}×{/色}：退出游戏设置
sys2_485	SYSTEM/COMMU09B.EMI	186	0	12641290b45d126812a83a127b127c63699476128512ba0112641290b45d129112923a127b127c767a8b676001050a1501063ab4e2dbbbd6	放向キ-上下：設定かしょの選択\n放向キ-左右：設定のへんこう\n{色0A}×{/色}：キャンセル	方向键上下：选择设置项\n方向键左右：更改设置\n{色0A}×{/色}：取消
sys2_486	SYSTEM/COMMU09B.EMI	187	0	12641290b45d129112923af8bddb127b127c76128512ba012001050a1501063ae85dce127b127c12a112a273128f86281288127c29	放向キ-左右：ボタン設定の選択\n{码20}\n{色0A}×{/色}：ゲ-ム設定画面に戻る（決定）	方向键左右：选择按键设置\n \n{色0A}×{/色}：返回游戏设置（确定）
sys2_487	SYSTEM/COMMU09B.EMI	188	0	12641290b45d3a12a112a2fdebb9e4db7612a3127e012001050a1501063ae85dce127b127c12a112a273128f86281288127c29	放向キ-：画面ポジションの調整\n{码20}\n{色0A}×{/色}：ゲ-ム設定画面に戻る（決定）	方向键：调整画面位置\n \n{色0A}×{/色}：返回游戏设置（确定）
sys2_488	SYSTEM/COMMU09B.EMI	189	0	20202020127aa56361	{码20}{码20}{码20}{码20}並びかえ	    排序
sys2_489	SYSTEM/COMMU09B.EMI	190	0	b8f612a112a2	サブ画面	副画面
sys2_490	SYSTEM/COMMU09B.EMI	191	0	aeb5b9e4db	アクション	动作
sys2_491	SYSTEM/COMMU09B.EMI	192	0	40b4e2dbbbd6	·キャンセル	·取消
sys2_492	SYSTEM/COMMU09B.EMI	193	0	5354415254f8bddb20202020fd5dec	STARTボタン{码20}{码20}{码20}{码20}ポ-ズ	START键      暂停
sys2_493	SYSTEM/COMMU09B.EMI	194	0	53454c454354f8bddb202020cad6fb	SELECTボタン{码20}{码20}{码20}ヘルプ	SELECT键     帮助
sys2_494	SYSTEM/COMMU09B.EMI	195	0	bdaffb3101150712641290b45d12911292a220bdaffb8a12858ba2659f685f	タイプ1\n{符号2 07}放向キ-左右で{码20}タイプを選んでください	类型1\n{符号2 07}请用方向键左右选择类型
sys2_495	SYSTEM/COMMU09B.EMI	196	0	bdaffb3201150712641290b45d12911292a220bdaffb8a12858ba2659f685f	タイプ2\n{符号2 07}放向キ-左右で{码20}タイプを選んでください	类型2\n{符号2 07}请用方向键左右选择类型
sys2_496	SYSTEM/COMMU09B.EMI	197	0	bdaffb3301150712641290b45d12911292a220bdaffb8a12858ba2659f685f	タイプ3\n{符号2 07}放向キ-左右で{码20}タイプを選んでください	类型3\n{符号2 07}请用方向键左右选择类型
sys2_497	SYSTEM/COMMU09B.EMI	198	0	bdaffb3401150712641290b45d12911292a220bdaffb8a12858ba2659f685f	タイプ4\n{符号2 07}放向キ-左右で{码20}タイプを選んでください	类型4\n{符号2 07}请用方向键左右选择类型
sys2_498	SYSTEM/COMMU09B.EMI	199	0	20efe1b9e3	{码20}ダッシュ	 冲刺
sys2_499	SYSTEM/COMMU09B.EMI	200	0	20202020b3cfd4	{码20}{码20}{码20}{码20}カメラ	    视角
sys2_500	SYSTEM/COMMU09B.EMI	201	0	12b612b7401288127c	会話·決定	对话·确定
sys2_501	SYSTEM/COMMU09B.EMI	202	0	050a150006	{色0A}{符号2 00}{/色}	{色0A}{符号2 00}{/色}
sys2_502	SYSTEM/COMMU09B.EMI	203	0	050a150206	{色0A}△{/色}	{色0A}△{/色}
sys2_503	SYSTEM/COMMU09B.EMI	204	0	050a150306	{色0A}□{/色}	{色0A}□{/色}
sys2_504	SYSTEM/COMMU09B.EMI	205	0	050a150106	{色0A}×{/色}	{色0A}×{/色}
sys2_505	SYSTEM/COMMU09B.EMI	206	0	4c	L	L
sys2_506	SYSTEM/COMMU09B.EMI	207	0	52	R	R
sys2_507	SYSTEM/COMMU09B.EMI	209	0	583a	X：	X：
sys2_508	SYSTEM/COMMU09B.EMI	210	0	593a	Y：	Y：
sys2_509	SYSTEM/COMMU09B.EMI	211	0	12641290b45da22012a112a2c9d75dce8a12a3127e6970659f685f011507050a150106a22012b812b9281288127c29	放向キ-で{码20}画面フレ-ムを調整してください\n{符号2 07}{色0A}×{/色}で{码20}終了（決定）	请用方向键调整画面边框\n{符号2 07}{色0A}×{/色}结束（确定）
sys2_510	SYSTEM/COMMU09B.EMI	212	0	5b	‥	…
sys2_511	SYSTEM/COMMU09B.EMI	213	0	5b71856669	‥とりけし	…删除
sys2_512	SYSTEM/COMMU09B.EMI	214	0	5b6a6a7e	‥すすむ	…前进
sys2_513	SYSTEM/COMMU09B.EMI	215	0	5b80a386	‥もどる	…返回
sys2_514	SYSTEM/COMMU09B.EMI	216	0	5b779b7f86	‥はじめる	…开始
sys2_515	SYSTEM/COMMU09B.EMI	217	0	050315090700150a06a28388695fa26a63	{色03}{符号2 09}{占位00}』{/色}でよろしいですか	{色03}{符号2 09}{占位00}』{/色}确定吗？
sys2_516	SYSTEM/COMMU09B.EMI	218	0	12641290b45d203ab35dbcd67612861287014c31404c322f52314052320120202020203a13261327124e648563610244454c3a132613278a666a01424b203a12f112bb12bd124d8a817f86014f4b203a12f112bb761288127c	放向キ-{码20}：カ-ソルの移動\nL1·L2/R1·R2\n{码20}{码20}{码20}{码20}{码20}：文字種きりかえ\n---\nDEL：文字をけす\nBK{码20}：名前入力をやめる\nOK{码20}：名前の決定	方向键：移动光标\nL1·L2/R1·R2\n     ：切换文字种类\n---\nDEL：删除文字\nBK ：取消命名\nOK ：确定名字
sys2_517	SYSTEM/COMMU09B.EMI	219	0	b35dbcd695122191705f8620132613278a66697c6a	カ-ソルが合っている{码20}文字をけします	删除光标所在处的文字
sys2_518	SYSTEM/COMMU09B.EMI	220	0	12bb7612a112a273128f857c6a	前の画面に戻ります	返回上一个画面
sys2_519	SYSTEM/COMMU09B.EMI	221	0	12f112bb8a1288127c697c6a	名前を決定します	确定名字
sys2_520	SYSTEM/COMMU09B.EMI	222	0	fbd7afd15d762012f112bb8a12887f70659f685f	プレイヤ-の{码20}名前を決めてください	请决定玩家的名字
sys2_521	SYSTEM/COMMU09B.EMI	223	0	070176205e9f12f18a12887f70659f685f	{占位01}の{码20}あだ名を決めてください	请决定{占位01}的昵称
sys2_522	SYSTEM/COMMU09B.EMI	255	0	0c43174100a367a280cfc3e35dd05df301cfc3e35d8a61848ba27514810c9369936577656a8601bb5df601817f706265	{框43}{立绘4100}どこでもメニュ-モ-ド\nメニュ-をえらんでね{码14810C93}しゅくはくする\nセ-ブ\nやめておく	{框43}{立绘4100}随处菜单模式\n请选择菜单{码14810C93}住宿\n存档\n退出
sys2_523	SYSTEM/MASTER.EMI	0	0	170000170101170202170303170404170505170606170707170808170909170a0a170b0b170c0c170d0d170e0e170f0f	{立绘0000}{立绘0101}{立绘0202}{立绘0303}{立绘0404}{立绘0505}{立绘0606}{立绘0707}{立绘0808}{立绘0909}{立绘0A0A}{立绘0B0B}{立绘0C0C}{立绘0D0D}{立绘0E0E}{立绘0F0F}	{立绘0000}{立绘0101}{立绘0202}{立绘0303}{立绘0404}{立绘0505}{立绘0606}{立绘0707}{立绘0808}{立绘0909}{立绘0A0A}{立绘0B0B}{立绘0C0C}{立绘0D0D}{立绘0E0E}{立绘0F0F}
sys2_524	SYSTEM/MASTER.EMI	1	0	0c8a14820c82775f015f5f61	{框8A}{码14820C82}はい\nいいえ	{框8A}{码14820C82}是\n否
sys2_525	SYSTEM/MASTER.EMI	2	0	0c8814820c82775f015f5f61	{框88}{码14820C82}はい\nいいえ	{框88}{码14820C82}是\n否
sys2_526	SYSTEM/MASTER.EMI	3	0	12a3a786	調べる	调查
sys2_527	SYSTEM/MASTER.EMI	4	0	12761277	装備	装备
sys2_528	SYSTEM/MASTER.EMI	5	0	d5bac1	リスト	列表
sys2_529	SYSTEM/MASTER.EMI	6	0	679b8b	こじん	个人
sys2_530	SYSTEM/MASTER.EMI	7	0	12c791705f86bab4d68a206365738ba2647c6a	持っているスキルを{码20}かくにんできます	可确认持有的技能
sys2_531	SYSTEM/MASTER.EMI	8	0	bab4d67612bd8763618a12cc5f7c6a01150712761277737720050209230095316f124512bf06a26a	スキルの入れかえを行います\n{符号2 07}装備には{码20}{色02}{道具2300}が1つ必要{/色}です	进行技能更换\n{符号2 07}更换装备需要1个{色02}{道具2300}{/色}
sys2_532	SYSTEM/MASTER.EMI	9	0	bab4d67612bd8763618a12cc5f7c6a011507092300776aa2731270127d69705f7c6a	スキルの入れかえを行います\n{符号2 07}{道具2300}はすでに使用しています	进行技能更换\n{符号2 07}{道具2300}已在使用中
sys2_533	SYSTEM/MASTER.EMI	10	0	bab4d67612bd8763618a12cc5f7c6a0115070502092300068a12c791705f7c6b8b	スキルの入れかえを行います\n{符号2 07}{色02}{道具2300}{/色}を持っていません	进行技能更换\n{符号2 07}未持有{色02}{道具2300}{/色}
sys2_534	SYSTEM/MASTER.EMI	11	0	12a9bab4d67620d5bac1a26a	全スキルの{码20}リストです	全部技能列表
sys2_535	SYSTEM/MASTER.EMI	12	0	cfdbf45d95201276127769705f86bab4d676d5bac1a26a	メンバ-が{码20}装備しているスキルのリストです	队员已装备技能列表
sys2_536	SYSTEM/MASTER.EMI	13	0	1284952012761277697c6a63	誰が{码20}装備しますか	由谁装备
sys2_537	SYSTEM/MASTER.EMI	14	0	07007607018a20779c697c6a63	{占位00}の{占位01}を{码20}はずしますか	要卸下{占位00}的{占位01}吗
sys2_538	SYSTEM/MASTER.EMI	15	0	12761277d05df38a12b812b969708388695fa26a63	装備モ-ドを終了してよろしいですか	确定要退出装备模式吗
sys2_539	SYSTEM/MASTER.EMI	16	0	129f12a0246c76bab4d6770700951276127769705f7c6a016f66636170208388695fa26a63	現在、そのスキルは{占位00}が装備しています\nつけかえて{码20}よろしいですか	该技能目前由{占位00}装备\n确定要更换吗
sys2_540	SYSTEM/MASTER.EMI	17	0	0502092300068a20316f1270127d6970808388695fa26a63	{色02}{道具2300}{/色}を{码20}1つ使用してもよろしいですか	确定要使用1个{色02}{道具2300}{/色}吗
sys2_541	SYSTEM/MASTER.EMI	18	0	fbd7afd15d8a128512ba6970659f685f	プレイヤ-を選択してください	请选择玩家
sys2_542	SYSTEM/MASTER.EMI	19	0	12bd1247	入門	入门
sys2_543	SYSTEM/MASTER.EMI	20	0	f25dbd	デ-タ	数据
sys2_544	SYSTEM/MASTER.EMI	21	0	817f86	やめる	退出
sys2_545	SYSTEM/MASTER.EMI	22	0	12fe12836a8612f8135a12fe8a2063617c6a	師事する伝承師を{码20}かえます	更换师承的传承师
sys2_546	SYSTEM/MASTER.EMI	23	0	12f8135a12fe76125b12e98a206365738b697c6a	伝承師の素質を{码20}かくにんします	确认传承师的素质
sys2_547	SYSTEM/MASTER.EMI	24	0	12f8135a12fe7a7612fe12838a20817f7c6a	伝承師への師事を{码20}やめます	停止师承传承师
sys2_548	SYSTEM/MASTER.EMI	25	0	1284952012c26d7312fe12836a8676a26a63	誰が{码20}新たに師事するのですか	由谁新拜师
sys2_549	SYSTEM/MASTER.EMI	26	0	1284952012fe12838a817f7c6a63	誰が{码20}師事をやめますか	由谁停止师承
sys2_550	SYSTEM/MASTER.EMI	27	0	0700732012fe12836a86cfdbf45d8a12887f7012a8685f	{占位00}に{码20}師事するメンバ-を決めて下さい	请决定向{占位00}师承的队员
sys2_551	SYSTEM/MASTER.EMI	28	0	0700732012fe1283697c6a63	{占位00}に{码20}師事しますか	要向{占位00}师承吗
sys2_552	SYSTEM/MASTER.EMI	29	0	07008a20128495130412c6857c6a63011507050a1503063a7c6412b473130412c686	{占位00}を{码20}誰が受取りますか\n{符号2 07}{色0A}□{/色}：まき物に受取る	由谁接收{占位00}\n{符号2 07}{色0A}□{/色}：收入卷轴
sys2_553	SYSTEM/MASTER.EMI	30	0	07008a207c6412b473130412c6857c6a63	{占位00}を{码20}まき物に受取りますか	要将{占位00}收入卷轴吗
sys2_554	SYSTEM/MASTER.EMI	31	0	125364955e857c6b8b20bab4d68a7c6412b473128f69700107008a20130412c6857c6a63	空きがありません{码20}スキルをまき物に戻して\n{占位00}を{码20}受取りますか	空间不足，要将技能放回卷轴\n来接收{占位00}吗
sys2_555	SYSTEM/MASTER.EMI	32	0	6776bab4d68a207c6412b473128f69700107008a20130412c6857c6a63	このスキルを{码20}まき物に戻して\n{占位00}を{码20}受取りますか	要将此技能放回卷轴\n来接收{占位00}吗
sys2_556	SYSTEM/MASTER.EMI	33	0	0501454d50545906	{色01}EMPTY{/色}	{色01}空{/色}
sys2_557	SYSTEM/MASTER.EMI	34	0	0700952012fe12838a817f7c6a63	{占位00}が{码20}師事をやめますか	{占位00}要停止师承吗
sys2_558	SYSTEM/MASTER.EMI	35	0	0700952012fe12838a817f7c6a63	{占位00}が{码20}師事をやめますか	{占位00}要停止师承吗
sys2_559	SYSTEM/MASTER.EMI	36	0	0701952007008a0113046612c6857c6a63	{占位01}が{码20}{占位00}を\n受け取りますか	{占位01}要接收\n{占位00}吗
sys2_560	SYSTEM/MASTER.EMI	38	0	12c012db73243212de12c912687612f8135a12fe730112fe128377a2647c6b8b237b637612f8135a12fe730112fe128369705f6d128a122177201268132d6468877c6a0212641290b45d126812a83acfdbf45d76128512ba0112641290b45d129112923a12bb4012891308766485636101050a1500063a1288127c202020050a1501063a12b812b9	一度に、2人以上の伝承師に\n師事はできません。ほかの伝承師に\n師事していた場合は{码20}上書きされます\n---\n放向キ-上下：メンバ-の選択\n放向キ-左右：前·後衛のきりかえ\n{色0A}{符号2 00}{/色}：決定{码20}{码20}{码20}{色0A}×{/色}：終了	不能同时师承2名以上传承师\n若已师承其他传承师\n将被覆盖\n---\n方向键上下：选择队员\n方向键左右：切换前/后卫\n{色0A}{符号2 00}{/色}：确定   {色0A}×{/色}：结束
sys2_561	SYSTEM/MASTER.EMI	39	0	bab4d67613046612c6857701d5bac1731253649572657080247c6412b47601bab4d6716760638b6970201276127712bc1275a26a0212641290b45d3ab35dbcd6761286128701050a1500063a1288127c01050a1503063a7c6412b473bab4d68a13046612c686	スキルの受け取りは\nリストに空きがなくても、まき物の\nスキルとこうかんして{码20}装備可能です\n---\n放向キ-：カ-ソルの移動\n{色0A}{符号2 00}{/色}：決定\n{色0A}□{/色}：まき物にスキルを受け取る	接收技能时\n即使列表已满，也可与卷轴中的\n技能交换后装备\n---\n方向键：移动光标\n{色0A}{符号2 00}{/色}：确定\n{色0A}□{/色}：将技能收入卷轴
sys2_562	SYSTEM/MASTER.EMI	40	0	7c6412b473128f696dbab4d676127612777377010502092300069520124512bf7372857c6a0212641290b45d126812a8013a7c6412b473128f6abab4d68a128512ba01050a1500063a1288127c2020050a1501063ab4e2dbbbd6	まき物に戻したスキルの装備には\n{色02}{道具2300}{/色}が{码20}必要になります\n---\n放向キ-上下\n：まき物に戻すスキルを選択\n{色0A}{符号2 00}{/色}：決定{码20}{码20}{色0A}×{/色}：キャンセル	放回卷轴的技能\n再次装备时需要{色02}{道具2300}{/色}\n---\n方向键上下\n：选择放回卷轴的技能\n{色0A}{符号2 00}{/色}：确定  {色0A}×{/色}：取消
sys2_563	SYSTEM/MASTER.EMI	41	0	12641290b45d3ab35dbcd6761286128701050a1500063a1288127c2020050a1501063a12b812b9	放向キ-：カ-ソルの移動\n{色0A}{符号2 00}{/色}：決定{码20}{码20}{色0A}×{/色}：終了	方向键：移动光标\n{色0A}{符号2 00}{/色}：确定  {色0A}×{/色}：结束
sys2_564	SYSTEM/MASTER.EMI	43	0	0502092300067724d7ae7201aeafc0ce76316fa26a2ebab4d676127612777701698b6e94607312cc5f7c6994600212641290b45d126812a83ab7ccdbf38a128512ba01050a1500063a1288127c2020050a1501063ab4e2dbfb73128f86	{色02}{道具2300}{/色}は、レアな\nアイテムの1つです.スキルの装備は\nしんちょうに行いましょう\n---\n放向キ-上下：コマンドを選択\n{色0A}{符号2 00}{/色}：決定{码20}{码20}{色0A}×{/色}：キャンプに戻る	{色02}{道具2300}{/色}是\n稀有道具，装备技能\n请慎重考虑\n---\n方向键上下：选择指令\n{色0A}{符号2 00}{/色}：确定  {色0A}×{/色}：返回营地
sys2_565	SYSTEM/MASTER.EMI	44	0	12641290b45d126812a83ab7ccdbf38a128512ba01050a1500063a1288127c2020050a1501063ab4e2dbbbd6	放向キ-上下：コマンドを選択\n{色0A}{符号2 00}{/色}：決定{码20}{码20}{色0A}×{/色}：キャンセル	方向键上下：选择指令\n{色0A}{符号2 00}{/色}：确定  {色0A}×{/色}：取消
sys2_566	SYSTEM/MASTER.EMI	45	0	12641290b45d126812a83ab35dbcd612861287014c31404c323afc5debaee1fb0152314052323afc5debefb0db02050a1501063ab4e2dbbbd6	放向キ-上下：カ-ソル移動\nL1·L2：ペ-ジアップ\nR1·R2：ペ-ジダウン\n---\n{色0A}×{/色}：キャンセル	方向键上下：移动光标\nL1·L2：上一页\nR1·R2：下一页\n---\n{色0A}×{/色}：取消
sys2_567	SYSTEM/MASTER.EMI	46	0	12641290b45d3a01202012761277bab4d68a7d6d5fcfdbf45d76128512ba01050a1500063a1288127c202020050a1501063ab4e2dbbbd6	放向キ-：\n{码20}{码20}装備スキルをみたいメンバ-の選択\n{色0A}{符号2 00}{/色}：決定{码20}{码20}{码20}{色0A}×{/色}：キャンセル	方向键：\n  选择要查看装备技能的队员\n{色0A}{符号2 00}{/色}：确定   {色0A}×{/色}：取消
sys2_568	SYSTEM/MASTER.EMI	47	0	12641290b45d126812a83ab35dbcd61286128701050a1501063ab4e2dbbbd6	放向キ-上下：カ-ソル移動\n{色0A}×{/色}：キャンセル	方向键上下：移动光标\n{色0A}×{/色}：取消
sys2_569	SYSTEM/MASTER.EMI	48	0	12641290b45d126812a83ab35dbcd612861287014c31404c323afc5debaee1fb0152314052323afc5debefb0db02050a1500063a1288127c202020050a1501063ab4e2dbbbd6	放向キ-上下：カ-ソル移動\nL1·L2：ペ-ジアップ\nR1·R2：ペ-ジダウン\n---\n{色0A}{符号2 00}{/色}：決定{码20}{码20}{码20}{色0A}×{/色}：キャンセル	方向键上下：移动光标\nL1·L2：上一页\nR1·R2：下一页\n---\n{色0A}{符号2 00}{/色}：确定   {色0A}×{/色}：取消
sys2_570	SYSTEM/MASTER.EMI	49	0	1284639524127612771200a280016c767c7c20bab4d6766f6663619512bc1275a26a0128aeb213277712761277120076bab4d6a26a290212641290b45d3a012020bab4d68a12761277686b86cfdbf45d8a128512ba01050a1500063a1288127c202020050a1501063ab4e2dbbbd6	誰かが、装備中でも\nそのまま{码20}スキルのつけかえが可能です\n（アオ字は装備中のスキルです）\n---\n放向キ-：\n{码20}{码20}スキルを装備させるメンバ-を選択\n{色0A}{符号2 00}{/色}：決定{码20}{码20}{码20}{色0A}×{/色}：キャンセル	即使有人正在装备中\n也可直接更换技能\n（蓝字表示已装备的技能）\n---\n方向键：\n  选择要装备技能的队员\n{色0A}{符号2 00}{/色}：确定   {色0A}×{/色}：取消
sys2_571	SYSTEM/MASTER.EMI	50	0	12641290b45d3a012020bab4d68a779c696d5fcfdbf45d76128512ba01050a1500063a1288127c202020050a1501063ab4e2dbbbd6	放向キ-：\n{码20}{码20}スキルをはずしたいメンバ-の選択\n{色0A}{符号2 00}{/色}：決定{码20}{码20}{码20}{色0A}×{/色}：キャンセル	方向键：\n  选择要卸下技能的队员\n{色0A}{符号2 00}{/色}：确定   {色0A}×{/色}：取消
sys2_572	SYSTEM/MASTER.EMI	51	0	6776d05df3a20112761277bab4d68a776a6a128395a2647c6a0212641290b45d126812a83ab35dbcd61286128701050a1500063abab4d68a779c6a2020050a1501063ab4e2dbbbd6	このモ-ドで\n装備スキルをはすす事ができます\n---\n放向キ-上下：カ-ソル移動\n{色0A}{符号2 00}{/色}：スキルをはずす{码20}{码20}{色0A}×{/色}：キャンセル	在此模式下\n可以卸下已装备的技能\n---\n方向键上下：移动光标\n{色0A}{符号2 00}{/色}：卸下技能  {色0A}×{/色}：取消
sys2_573	SYSTEM/MASTER.EMI	52	0	12f8135a12fe7312b65f7312cc6372657080b4e2dbfba20112bd12472f12fe1283817f8a12cc617c6a23026d9f6924bab4d681aeafc0ce770112f8135a12fe732012b689726687a40180846067719524a2647c6b8b230212641290b45d126812a83ab7ccdbf38a128512ba01050a1500063a1288127c2020050a1501063ab4e2dbfb73128f86	伝承師に会いに行かなくてもキャンプで\n入門/師事やめを行えます。\n---\nただし、スキルやアイテムは\n伝承師に{码20}会わなければ\nもらうことが、できません。\n---\n放向キ-上下：コマンドを選択\n{色0A}{符号2 00}{/色}：決定{码20}{码20}{色0A}×{/色}：キャンプに戻る	不需前往传承师所在地\n在营地即可入门或停止师承\n---\n但是，技能和道具\n必须亲自见传承师\n才能获得\n---\n方向键上下：选择指令\n{色0A}{符号2 00}{/色}：确定  {色0A}×{/色}：返回营地
sys2_574	SYSTEM/MASTER.EMI	53	0	12641290b45d3ab35dbcd6761286128701050a1500063a1288127c2020050a1501063ab4e2dbbbd6	放向キ-：カ-ソルの移動\n{色0A}{符号2 00}{/色}：決定{码20}{码20}{色0A}×{/色}：キャンセル	方向键：移动光标\n{色0A}{符号2 00}{/色}：确定  {色0A}×{/色}：取消
sys2_575	SYSTEM/MASTER.EMI	54	0	cfdbf45d76124312e077240112fe12836a8612f8135a12fe73838501120164651211129c697c6a2302c35dec731221896b70241294124d72cfdbf45d73016c9f707c69946023026e727d73247b6b5f8a130a6170150930150a8a0112a8120686128a122124124312e012db77150930150a7372857c6a0212641290b45d3ab35dbcd612861287014c31404c322f52314052323a01202020202012fe12836a86cfdbf45d765f87636102050a1500063a1288127c2020050a1501063ab4e2dbbbd6	メンバ-の成長は、\n師事する伝承師により\n大きく変化します。\n---\nニ-ズに合わせて、強力なメンバ-に\nそだてましょう。\n---\nちなみに、ほせいを加えて{符号2 09}0』を\n下回る場合、成長度は{符号2 09}0』になります\n---\n放向キ-：カ-ソル移動\nL1·L2/R1·R2：\n{码20}{码20}{码20}{码20}{码20}師事するメンバ-のいれかえ\n---\n{色0A}{符号2 00}{/色}：決定{码20}{码20}{色0A}×{/色}：キャンセル	队员的成长\n会因师承的传承师\n而产生很大变化\n---\n根据需要培养出\n强大的队员吧\n---\n另外，加上修正后若低于{符号2 09}0』\n成长度将以{符号2 09}0』计算\n---\n方向键：移动光标\nL1·L2/R1·R2：\n     切换师承的队员\n---\n{色0A}{符号2 00}{/色}：确定  {色0A}×{/色}：取消
sys2_576	SYSTEM/MASTER.EMI	55	0	12641290b45d3ab35dbcd61286128701050a1500063a133276639f5f8a12808601050a1501063ab4e2dbbbd6	放向キ-：カ-ソル移動\n{色0A}{符号2 00}{/色}：次のかだいを見る\n{色0A}×{/色}：キャンセル	方向键：移动光标\n{色0A}{符号2 00}{/色}：查看下一页\n{色0A}×{/色}：取消
sys2_577	SYSTEM/MASTER.EMI	56	0	20efcd5d2020202020202020202020202020	{码20}ダミ-{码20}{码20}{码20}{码20}{码20}{码20}{码20}{码20}{码20}{码20}{码20}{码20}{码20}{码20}	 占位 
sys2_578	SYSTEM/MASTER.EMI	85	0	434f4d504c455445	COMPLETE	完成
sys2_579	SYSTEM/MASTER.EMI	86	0	4e4f2044415441	NO{码20}DATA	无存档数据
sys2_580	SYSTEM/MASTER.EMI	87	0	1710103c05023506c8e1c112c9126876b7dbf88a016f729884876d84027c6d89697680717301134f86955f5f23	{立绘1010}「{色02}5{/色}ヒット以上のコンボを\nつなげられたら\n---\nまたわしのもとに\n来るがいい。	{立绘1010}「能打出{色02}5{/色}击\n以上的连击后\n---\n到时候再来\n找老夫吧
sys2_581	SYSTEM/MASTER.EMI	88	0	1710103c0502313006c8e1c112c9126876b7dbf88a016f729884876d84027c6d89697680717301134f86955f5f23	{立绘1010}「{色02}10{/色}ヒット以上のコンボを\nつなげられたら\n---\nまたわしのもとに\n来るがいい。	{立绘1010}「能打出{色02}10{/色}击\n以上的连击后\n---\n到时候再来\n找老夫吧
sys2_582	SYSTEM/MASTER.EMI	89	0	1710103c0502313506c8e1c112c9126876b7dbf88a016f729884876d84027c6d89697680717301134f86955f5f23	{立绘1010}「{色02}15{/色}ヒット以上のコンボを\nつなげられたら\n---\nまたわしのもとに\n来るがいい。	{立绘1010}「能打出{色02}15{/色}击\n以上的连击后\n---\n到时候再来\n找老夫吧
sys2_583	SYSTEM/MASTER.EMI	90	0	1710103c0502323006c8e1c112c9126876b7dbf88a016f729884876d84027c6d89697680717301134f86955f5f23	{立绘1010}「{色02}20{/色}ヒット以上のコンボを\nつなげられたら\n---\nまたわしのもとに\n来るがいい。	{立绘1010}「能打出{色02}20{/色}击\n以上的连击后\n---\n到时候再来\n找老夫吧
sys2_584	SYSTEM/MASTER.EMI	91	0	1710103c627c616d6e77806024018969766aa7708accbabd5d697001697c916d2302806963696d8401627c616d6e7301122212b58a1355616d677177025f6f6320896973719170120e120176017b67857172867663807223	{立绘1010}「おまえたちはもう、\nわしのすべてをマスタ-して\nしまった。\n---\nもしかしたら\nおまえたちに\n魔術を教えたことは\n---\nいつか{码20}わしにとって最大の\nほこりとなるのかもな。	{立绘1010}「你们已经\n完全掌握了老夫的\n全部本事\n---\n说不定\n教导你们魔术\n这件事\n---\n总有一天会成为\n老夫最大的骄傲吧
sys2_585	SYSTEM/MASTER.EMI	93	0	1711113c787c7212f473a280247c6d0112b65f73134f70835b027b6373802412cd635e916d8401135561705e98865d23	{立绘1111}「ひまな時にでも、また\n会いに来てよ‥\n---\nほかにも、何かあったら\n教えてあげる-。	{立绘1111}「有空的时候\n再来找我吧…\n---\n还有什么其他事的话\n我会教你的哦
sys2_586	SYSTEM/MASTER.EMI	94	0	1711113c787c7212f473a280247c6d0112b65f73134f70835b027b6373802412cd635e916d8401135561705e98865d23	{立绘1111}「ひまな時にでも、また\n会いに来てよ‥\n---\nほかにも、何かあったら\n教えてあげる-。	{立绘1111}「有空的时候\n再来找我吧…\n---\n还有什么其他事的话\n我会教你的哦
sys2_587	SYSTEM/MASTER.EMI	95	0	1711113c787c7212f473a280247c6d0112b65f73134f70835b027b6373802412cd635e916d8401135561705e98865d23	{立绘1111}「ひまな時にでも、また\n会いに来てよ‥\n---\nほかにも、何かあったら\n教えてあげる-。	{立绘1111}「有空的时候\n再来找我吧…\n---\n还有什么其他事的话\n我会教你的哦
sys2_588	SYSTEM/MASTER.EMI	96	0	1711113c787c7212f473a280247c6d0112b65f73134f70835b027b6373802412cd635e916d8401135561705e98865d23	{立绘1111}「ひまな時にでも、また\n会いに来てよ‥\n---\nほかにも、何かあったら\n教えてあげる-。	{立绘1111}「有空的时候\n再来找我吧…\n---\n还有什么其他事的话\n我会教你的哦
sys2_589	SYSTEM/MASTER.EMI	97	0	1711113ca36080245e726d135173011355618487868076775b0212a9131c241355616e92916d7d6d5f5d23025b0b5b0b5b6c877285730112a46963916d89835d230212cd632412fe132073a2800172916d7d6d5fa25d21	{立绘1111}「どうも、あなた達に\n教えられるものは‥\n---\n全部、教えちゃったみたい-。\n---\n‥{码0B}‥{码0B}‥それなりに\n楽しかったわよ-。\n---\n何か、師匠にでも\nなったみたいで-！	{立绘1111}「能教你们的东西\n…\n---\n好像已经全都教完了呢\n---\n…{码0B}…{码0B}…还挺\n开心的呢\n---\n感觉好像当了\n师父一样呢
sys2_590	SYSTEM/MASTER.EMI	99	0	1712123c120a76b2c1b773b7c1f4775f84725f0112d912bf72767712747612c012d312fd2102050233300612c912687601b7dbf88a12cb696d84017c6d819170134f705d23	{立绘1212}「海のオトコにコトバはいらない\n重要なのは心の一体感！\n---\n{色02}30{/色}以上の\nコンボを出したら\nまたやって来て-。	{立绘1212}「海之男儿不需言语\n重要的是心灵的共鸣\n---\n打出{色02}30{/色}以上的\n连击后\n再来找我吧
sys2_591	SYSTEM/MASTER.EMI	100	0	1712123c120a76b2c1b773b7c1f4775f84725f0112d912bf72767712747612c012d312fd2102050234300612c912687601b7dbf88a12cb696d84017c6d819170134f705d23	{立绘1212}「海のオトコにコトバはいらない\n重要なのは心の一体感！\n---\n{色02}40{/色}以上の\nコンボを出したら\nまたやって来て-。	{立绘1212}「海之男儿不需言语\n重要的是心灵的共鸣\n---\n打出{色02}40{/色}以上的\n连击后\n再来找我吧
sys2_592	SYSTEM/MASTER.EMI	101	0	1712123c120a76b2c1b773b7c1f4775f84725f0112d912bf72767712747612c012d312fd2102050235300612c912687601b7dbf88a12cb696d84017c6d819170134f705d23	{立绘1212}「海のオトコにコトバはいらない\n重要なのは心の一体感！\n---\n{色02}50{/色}以上の\nコンボを出したら\nまたやって来て-。	{立绘1212}「海之男儿不需言语\n重要的是心灵的共鸣\n---\n打出{色02}50{/色}以上的\n连击后\n再来找我吧
sys2_593	SYSTEM/MASTER.EMI	102	0	1712123c120a76b2c1b773b7c1f4775f84725f0112d912bf72767712747612c012d312fd2102050237300612c912687601b7dbf88a12cb696d84017c6d819170134f705d23	{立绘1212}「海のオトコにコトバはいらない\n重要なのは心の一体感！\n---\n{色02}70{/色}以上の\nコンボを出したら\nまたやって来て-。	{立绘1212}「海之男儿不需言语\n重要的是心灵的共鸣\n---\n打出{色02}70{/色}以上的\n连击后\n再来找我吧
sys2_594	SYSTEM/MASTER.EMI	103	0	1712123c806024647d6d6e7701120a76b2c1b776120076b2c1b79f23025e7177123112aa6d6ea201958ba4868b9f835d21	{立绘1212}「もう、きみたちは\n海のオトコの中のオトコだ。\n---\nあとは自分たちで\nがんばるんだよ-！	{立绘1212}「你们已经是\n海之男儿中的男儿了\n---\n接下来就靠自己\n努力吧
sys2_595	SYSTEM/MASTER.EMI	105	0	1713133c12fb12268a12da697001050237300612c912687601d0dbbabd5d8a026c761250a26d69637f7001134f868b9f2302133276132f8a135561867677016c8763849f8323	{立绘1313}「世界を旅して\n{色02}70{/色}以上の\nモンスタ-を\n---\nその目でたしかめて\n来るんだ。\n---\n次の技を教えるのは\nそれからだよ。	{立绘1313}「周游世界\n找到{色02}70{/色}\n以上的怪物\n---\n亲眼看过之后\n再回来吧\n---\n传授下一个招式\n要等那之后
sys2_596	SYSTEM/MASTER.EMI	106	0	1713133c12fb12268a12da697001050238350612c912687601d0dbbabd5d8a026c761250a26d69637f7001134f868b9f2302133276132f8a135561867677016c8763849f8323	{立绘1313}「世界を旅して\n{色02}85{/色}以上の\nモンスタ-を\n---\nその目でたしかめて\n来るんだ。\n---\n次の技を教えるのは\nそれからだよ。	{立绘1313}「周游世界\n找到{色02}85{/色}\n以上的怪物\n---\n亲眼看过之后\n再回来吧\n---\n传授下一个招式\n要等那之后
sys2_597	SYSTEM/MASTER.EMI	107	0	1713133c12fb12268a12da69700105023130300612c912687601d0dbbabd5d8a026c761250a26d69637f7001134f868b9f2302133276132f8a135561867677016c8763849f8323	{立绘1313}「世界を旅して\n{色02}100{/色}以上の\nモンスタ-を\n---\nその目でたしかめて\n来るんだ。\n---\n次の技を教えるのは\nそれからだよ。	{立绘1313}「周游世界\n找到{色02}100{/色}\n以上的怪物\n---\n亲眼看过之后\n再回来吧\n---\n传授下一个招式\n要等那之后
sys2_598	SYSTEM/MASTER.EMI	109	0	1713133c5f6f767c7363015e8b6d6d6e73135561866771950112cd80726572916d8323025e6d6973a264867677015e7177205f768667710165845f9f755b	{立绘1313}「いつのまにか\nあんたたちに教えることが\n何もなくなったよ。\n---\nあたしにできるのは\nあとは{码20}いのること\nくらいだね‥	{立绘1313}「不知不觉间\n已经没有什么\n能教你们的了\n---\n我现在能做的\n也只有祈祷了\n…
sys2_599	SYSTEM/MASTER.EMI	111	0	1714143c133e12ef130e7612de12c88a010502380612de12c912687369707b695f8360026c60696d84133276133e12ef122212238a01135561705e98868360	{立绘1414}「妖精村の人数を\n{色02}8{/色}人以上にしてほしいよう\n---\nそうしたら次の妖精魔法を\n教えてあげるよう	{立绘1414}「希望妖精村\n的人数达到{色02}8{/色}人以上\n---\n那样的话就教你\n下一个妖精魔法
sys2_600	SYSTEM/MASTER.EMI	112	0	1714143c133e12ef130e7612de12c88a01050231320612de12c912687369707b695f8360026c60696d84133276133e12ef122212238a01135561705e98868360	{立绘1414}「妖精村の人数を\n{色02}12{/色}人以上にしてほしいよう\n---\nそうしたら次の妖精魔法を\n教えてあげるよう	{立绘1414}「希望妖精村\n的人数达到{色02}12{/色}人以上\n---\n那样的话就教你\n下一个妖精魔法
sys2_601	SYSTEM/MASTER.EMI	113	0	1714143c133e12ef130e7612de12c88a01050231360612de12c912687369707b695f8360026c60696d84133276133e12ef122212238a01135561705e98868360	{立绘1414}「妖精村の人数を\n{色02}16{/色}人以上にしてほしいよう\n---\nそうしたら次の妖精魔法を\n教えてあげるよう	{立绘1414}「希望妖精村\n的人数达到{色02}16{/色}人以上\n---\n那样的话就教你\n下一个妖精魔法
sys2_602	SYSTEM/MASTER.EMI	114	0	1714143c133e12ef130e7612de12c88a01050232300612de12c912687369707b695f8360026c60696d84133276133e12ef122212238a01135561705e98868360	{立绘1414}「妖精村の人数を\n{色02}20{/色}人以上にしてほしいよう\n---\nそうしたら次の妖精魔法を\n教えてあげるよう	{立绘1414}「希望妖精村\n的人数达到{色02}20{/色}人以上\n---\n那样的话就教你\n下一个妖精魔法
sys2_603	SYSTEM/MASTER.EMI	115	0	1714143c80601355618667717701727380725f66a302133e12ef767f8ba3609f667701121189849c7d707b695f83600181656c659f8360	{立绘1414}「もう教えることは\nなにもないけど\n---\n妖精のめんどうだけは\n変わらずみてほしいよう\nやくそくだよう	{立绘1414}「已经没有什么\n能教的了\n---\n但妖精的事\n还请继续关照\n约定哦
sys2_604	SYSTEM/MASTER.EMI	117	0	1715153c6f85fdafdbc105023430303006730172916d84247c6d134f8691ac8323026c8b71649201b2d47671917062648a01fbd7eddbc16a91638423	{立绘1515}「つりポイント{色02}4000{/色}に\nなったら、また来るっぺよ。\n---\nそんときゃ\nオラのとっておきを\nプレゼントすっから。	{立绘1515}「钓鱼点数达到{色02}4000{/色}后\n再来吧\n---\n到时候\n送你俺的\n独门礼物哦
sys2_605	SYSTEM/MASTER.EMI	118	0	1715153c6f85fdafdbc105023630303006730172916d84247c6d134f8691ac8323026c8b71649201b2d47671917062648a01fbd7eddbc16a91638423	{立绘1515}「つりポイント{色02}6000{/色}に\nなったら、また来るっぺよ。\n---\nそんときゃ\nオラのとっておきを\nプレゼントすっから。	{立绘1515}「钓鱼点数达到{色02}6000{/色}后\n再来吧\n---\n到时候\n送你俺的\n独门礼物哦
sys2_606	SYSTEM/MASTER.EMI	119	0	1715153c6f85fdafdbc105023935303006730172916d84247c6d134f8691ac8323026c8b71649201b2d47671917062648a01fbd7eddbc16a91638423	{立绘1515}「つりポイント{色02}9500{/色}に\nなったら、また来るっぺよ。\n---\nそんときゃ\nオラのとっておきを\nプレゼントすっから。	{立绘1515}「钓鱼点数达到{色02}9500{/色}后\n再来吧\n---\n到时候\n送你俺的\n独门礼物哦
sys2_607	SYSTEM/MASTER.EMI	121	0	1715153c690b916369246a8b988f728c016f5f73245e8b6e928b77016f852464897f6e7c916dac635b028060205e8b6e928b7701128480957d717f86018591a9726f8512f112de9f91ac23	{立绘1515}「し{码0B}っかし、すんげぇなぁ\nついに、あんちゃんは\nつり、きわめちまったぺか‥\n---\nもう{码20}あんちゃんは\n誰もがみとめる\nりっぱなつり名人だっぺ。	{立绘1515}「不{码0B}过，真了不起啊\n小哥终于\n达到垂钓的极致了…\n---\n小哥已经是\n大家都公认的\n出色的钓鱼名人了
sys2_608	SYSTEM/MASTER.EMI	123	0	1716163caeafc0ce76124e12af950105023830067372916d84017c6d6470659f685f2302678795a2646d840171917062647620132f8a0113556186a26a8323	{立绘1616}「アイテムの種類が\n{色02}80{/色}になったら\nまたきてください。\n---\nこれができたら\nとっておきの{码20}技を\n教えるですよ。	{立绘1616}「道具种类达到\n{色02}80{/色}种后\n再来吧\n---\n做到的话\n就教你独门\n绝技哦
sys2_609	SYSTEM/MASTER.EMI	124	0	1716163caeafc0ce76124e12af95010502313230067372916d84017c6d6470659f685f2302678795a2646d840171917062647620132f8a0113556186a26a8323	{立绘1616}「アイテムの種類が\n{色02}120{/色}になったら\nまたきてください。\n---\nこれができたら\nとっておきの{码20}技を\n教えるですよ。	{立绘1616}「道具种类达到\n{色02}120{/色}种后\n再来吧\n---\n做到的话\n就教你独门\n绝技哦
sys2_610	SYSTEM/MASTER.EMI	127	0	1716163c806024efdbc2126473016269618667717720725fa26a23026a70647220746a917112de12dc8a0112a78ba2659f685f5b	{立绘1616}「もう、ダンナ放に\nおしえることは{码20}ないです。\n---\nすてきな{码20}ぬすっと人生を\n步んでください‥	{立绘1616}「老爷已经没有\n什么能教的了\n---\n祝你走上精彩的\n盗贼人生…
sys2_611	SYSTEM/MASTER.EMI	129	0	1717173cb7dbf8762012b37779635f76835b0213327724b7dbf8a25b0105023135303006efcf5deb12c912688a0112cb69707d708323026c60696d842413327601bab4d68a20135561705e98868323	{立绘1717}「コンボの{码20}道はふかいのよ‥\n---\n次は、コンボで‥\n{色02}1500{/色}ダメ-ジ以上を\n出してみてよ。\n---\nそうしたら、次の\nスキルを{码20}教えてあげるよ。	{立绘1717}「连击之道很深奥…\n---\n下次用连击\n打出{色02}1500{/色}\n以上的伤害试试\n---\n做到的话\n就教你下一个技能
sys2_612	SYSTEM/MASTER.EMI	130	0	1717173cb7dbf8762012b37779635f76835b0213327724b7dbf8a25b0105023330303006efcf5deb12c912688a0112cb69707d708323026c60696d842413327601bab4d68a20135561705e98868323	{立绘1717}「コンボの{码20}道はふかいのよ‥\n---\n次は、コンボで‥\n{色02}3000{/色}ダメ-ジ以上を\n出してみてよ。\n---\nそうしたら、次の\nスキルを{码20}教えてあげるよ。	{立绘1717}「连击之道很深奥…\n---\n下次用连击\n打出{色02}3000{/色}\n以上的伤害试试\n---\n做到的话\n就教你下一个技能
sys2_613	SYSTEM/MASTER.EMI	131	0	1717173cb7dbf8762012b37779635f76835b0213327724b7dbf8a25b010502313030303006efcf5deb12c912688a0112cb69707d708323026c60696d842413327601bab4d68a20135561705e98868323	{立绘1717}「コンボの{码20}道はふかいのよ‥\n---\n次は、コンボで‥\n{色02}10000{/色}ダメ-ジ以上を\n出してみてよ。\n---\nそうしたら、次の\nスキルを{码20}教えてあげるよ。	{立绘1717}「连击之道很深奥…\n---\n下次用连击\n打出{色02}10000{/色}\n以上的伤害试试\n---\n做到的话\n就教你下一个技能
sys2_614	SYSTEM/MASTER.EMI	133	0	1717173cbae9af8975245e726d13515b018060245e6d6995011355618667717720725f8923	{立绘1717}「スゴイわね、あなた達‥\nもう、あたしが\n教えることは{码20}ないわ。	{立绘1717}「真厉害啊你们…\n我已经没有什么\n能教你们的了
sys2_615	SYSTEM/MASTER.EMI	135	0	1718183c12ad5f7612b3776c6772699f230264897f86997173015f7c7ca21280617263916d8076950112806170658623020502333030300612c91268760112c0121f8a1310706d84027c6d134f86955f5f23	{立绘1818}「戦いの道はそこなしだ。\n---\nきわめるごとに\nいままで見えなかったものが\n見えてくる。\n---\n{色02}3000{/色}以上の\n一撃を放てたら\n---\nまた来るがいい。	{立绘1818}「战斗之道无止境\n---\n每次精进\n都能看到以前\n看不到的东西\n---\n打出{色02}3000{/色}\n以上的一击后\n---\n再来吧
sys2_616	SYSTEM/MASTER.EMI	136	0	1718183c12ad5f7612b3776c6772699f230264897f86997173015f7c7ca21280617263916d8076950112806170658623020502353030300612c91268760112c0121f8a1310706d84027c6d134f86955f5f23	{立绘1818}「戦いの道はそこなしだ。\n---\nきわめるごとに\nいままで見えなかったものが\n見えてくる。\n---\n{色02}5000{/色}以上の\n一撃を放てたら\n---\nまた来るがいい。	{立绘1818}「战斗之道无止境\n---\n每次精进\n都能看到以前\n看不到的东西\n---\n打出{色02}5000{/色}\n以上的一击后\n---\n再来吧
sys2_617	SYSTEM/MASTER.EMI	137	0	1718183c12ad5f7612b3776c6772699f230264897f86997173015f7c7ca21280617263916d8076950112806170658623020502383030300612c91268760112c0121f8a1310706d84027c6d134f86955f5f23	{立绘1818}「戦いの道はそこなしだ。\n---\nきわめるごとに\nいままで見えなかったものが\n見えてくる。\n---\n{色02}8000{/色}以上の\n一撃を放てたら\n---\nまた来るがいい。	{立绘1818}「战斗之道无止境\n---\n每次精进\n都能看到以前\n看不到的东西\n---\n打出{色02}8000{/色}\n以上的一击后\n---\n再来吧
sys2_618	SYSTEM/MASTER.EMI	138	0	1718183c12ad5f7612b3776c6772699f230264897f86997173015f7c7ca21280617263916d807695011280617065862302050231323030300612c91268760112c0121f8a1310706d84027c6d134f86955f5f23	{立绘1818}「戦いの道はそこなしだ。\n---\nきわめるごとに\nいままで見えなかったものが\n見えてくる。\n---\n{色02}12000{/色}以上の\n一撃を放てたら\n---\nまた来るがいい。	{立绘1818}「战斗之道无止境\n---\n每次精进\n都能看到以前\n看不到的东西\n---\n打出{色02}12000{/色}\n以上的一击后\n---\n再来吧
sys2_619	SYSTEM/MASTER.EMI	139	0	1718183c6884728612df7d8a0180717f86728424025e7177123112aaa220676d618a0112806f6686955f5f23026212bb728420818786779c9f23	{立绘1818}「さらなる高みを\nもとめるなら、\n---\nあとは自分で{码20}こたえを\n見つけるがいい。\n---\nお前なら{码20}やれるはずだ。	{立绘1818}「若想追求\n更高的境界\n---\n剩下的就自己去\n寻找答案吧\n---\n你能做到的
sys2_620	SYSTEM/MASTER.EMI	141	0	1719193c12da777c9f7c9f0112e0a5646c60a26a633f02129465728612aa9f660112de77649c6f64816a657286677180015e857c6a23027c6d5f6fa280016d9c75706470659f685f23	{立绘1919}「旅はまだまだ\n長びきそうですか？\n---\n強くなる分だけ\n人はきずつきやすくなることも\nあります。\n---\nまたいつでも\nたずねてきてください。	{立绘1919}「旅途还要\n继续吗？\n---\n越强大\n越容易受伤\n也是常有的\n---\n随时\n欢迎再来
sys2_621	SYSTEM/MASTER.EMI	142	0	1719193c12da777c9f7c9f0112e0a5646c60a26a633f02129465728612aa9f660112de77649c6f64816a657286677180015e857c6a23027c6d5f6fa280016d9c75706470659f685f23	{立绘1919}「旅はまだまだ\n長びきそうですか？\n---\n強くなる分だけ\n人はきずつきやすくなることも\nあります。\n---\nまたいつでも\nたずねてきてください。	{立绘1919}「旅途还要\n继续吗？\n---\n越强大\n越容易受伤\n也是常有的\n---\n随时\n欢迎再来
sys2_622	SYSTEM/MASTER.EMI	143	0	1719193c12da777c9f7c9f0112e0a5646c60a26a633f02129465728612aa9f660112de77649c6f64816a657286677180015e857c6a23027c6d5f6fa280016d9c75706470659f685f23	{立绘1919}「旅はまだまだ\n長びきそうですか？\n---\n強くなる分だけ\n人はきずつきやすくなることも\nあります。\n---\nまたいつでも\nたずねてきてください。	{立绘1919}「旅途还要\n继续吗？\n---\n越强大\n越容易受伤\n也是常有的\n---\n随时\n欢迎再来
sys2_623	SYSTEM/MASTER.EMI	144	0	1719193c12da777c9f7c9f0112e0a5646c60a26a633f02129465728612aa9f660112de77649c6f64816a657286677180015e857c6a23027c6d5f6fa280016d9c75706470659f685f23	{立绘1919}「旅はまだまだ\n長びきそうですか？\n---\n強くなる分だけ\n人はきずつきやすくなることも\nあります。\n---\nまたいつでも\nたずねてきてください。	{立绘1919}「旅途还要\n继续吗？\n---\n越强大\n越容易受伤\n也是常有的\n---\n随时\n欢迎再来
sys2_624	SYSTEM/MASTER.EMI	145	0	1719193c896d697612c791705f86124c696477017d8b7213556170697c5f7c696d23025e7173a26486677177015e6d6d6365017e636186677165845fa26a23026da5736f63876d84015f6fa280626769659f685f23	{立绘1919}「わたしの持っている知しきは\nみんな教えてしまいました。\n---\nあとにできることは\nあたたかく\nむかえることくらいです。\n---\nたびにつかれたら\nいつでもおこしください。	{立绘1919}「我的知识\n全部教给你们了\n---\n剩下的只有\n温暖地\n迎接你们了\n---\n旅途累了\n随时过来吧
sys2_625	SYSTEM/MASTER.EMI	147	0	171a1a3c5b12ad612101b2c1b77712ad606771a2767d017d9563878623027e888bb2dbc2809f23027173636512ad12ae120612c895010502333030068a67616d8401133276132f8a689c66836023	{立绘1A1A}「‥戦え！\nオトコは戦うことでのみ\nみがかれる。\n---\nむろんオンナもだ。\n---\nとにかく戦闘回数が\n{色02}300{/色}をこえたら\n次の技をさずけよう。	{立绘1A1A}「‥战斗！\n男人只有在战斗中\n才能被磨炼\n---\n女人也一样\n---\n总之战斗次数\n超过{色02}300{/色}后\n就传授下一个招式
sys2_626	SYSTEM/MASTER.EMI	148	0	171a1a3c5b12ad612101b2c1b77712ad606771a2767d017d9563878623027e888bb2dbc2809f23027173636512ad12ae120612c895010502343030068a67616d8401133276132f8a689c66836023	{立绘1A1A}「‥戦え！\nオトコは戦うことでのみ\nみがかれる。\n---\nむろんオンナもだ。\n---\nとにかく戦闘回数が\n{色02}400{/色}をこえたら\n次の技をさずけよう。	{立绘1A1A}「‥战斗！\n男人只有在战斗中\n才能被磨炼\n---\n女人也一样\n---\n总之战斗次数\n超过{色02}400{/色}后\n就传授下一个招式
sys2_627	SYSTEM/MASTER.EMI	149	0	171a1a3c5b12ad612101b2c1b77712ad606771a2767d017d9563878623027e888bb2dbc2809f23027173636512ad12ae120612c895010502353030068a67616d8401133276132f8a689c66836023	{立绘1A1A}「‥戦え！\nオトコは戦うことでのみ\nみがかれる。\n---\nむろんオンナもだ。\n---\nとにかく戦闘回数が\n{色02}500{/色}をこえたら\n次の技をさずけよう。	{立绘1A1A}「‥战斗！\n男人只有在战斗中\n才能被磨炼\n---\n女人也一样\n---\n总之战斗次数\n超过{色02}500{/色}后\n就传授下一个招式
sys2_628	SYSTEM/MASTER.EMI	150	0	171a1a3c5b12ad612101b2c1b77712ad606771a2767d017d9563878623027e888bb2dbc2809f23027173636512ad12ae120612c895010502363030068a67616d8401133276132f8a689c66836023	{立绘1A1A}「‥戦え！\nオトコは戦うことでのみ\nみがかれる。\n---\nむろんオンナもだ。\n---\nとにかく戦闘回数が\n{色02}600{/色}をこえたら\n次の技をさずけよう。	{立绘1A1A}「‥战斗！\n男人只有在战斗中\n才能被磨炼\n---\n女人也一样\n---\n总之战斗次数\n超过{色02}600{/色}后\n就传授下一个招式
sys2_629	SYSTEM/MASTER.EMI	151	0	171a1a3c627c616d6e2402b2d776132f8a12a9131c62a8617001697c916da277725f6321020b5b7c5e5f5f2301b2d77613556112649501836a966d769f88602302638b69928a896a877483607323	{立绘1A1A}「おまえたち、\n---\nオレの技を全部おぼえて\nしまったではないか！\n---\n{码0B}‥まあいい。\nオレの教え放が\nよすぎたのだろう。\n---\nかんしゃをわすれぬように。	{立绘1A1A}「你们…\n---\n竟然已经把老夫的招式\n全都学去了\n---\n{码0B}…算了\n大概是老夫教导得\n太好了吧\n---\n别忘了感恩
sys2_630	SYSTEM/MASTER.EMI	153	0	171b1b3c7f9c84695f62128201a38ba38b12c79170647081230205020923050612c91268760180769512ce7312bd916d8424027c6d12cd6301135561705e987c6a8923	{立绘1B1B}「めずらしいお宝\nどんどん持ってきてや。\n---\n{色02}{道具2305}{/色}以上の\nものが手に入ったら、\n---\nまた何か\n教えてあげますわ。	{立绘1B1B}「稀有宝物\n尽管拿来吧\n---\n得到{色02}{道具2305}{/色}\n以上的东西后\n---\n再教你\n些什么
sys2_631	SYSTEM/MASTER.EMI	154	0	171b1b3c7f9c84695f62128201a38ba38b12c79170647081230205020925050612c91268760180769512ce7312bd916d8424027c6d12cd6301135561705e987c6a8923	{立绘1B1B}「めずらしいお宝\nどんどん持ってきてや。\n---\n{色02}{道具2505}{/色}以上の\nものが手に入ったら、\n---\nまた何か\n教えてあげますわ。	{立绘1B1B}「稀有宝物\n尽管拿来吧\n---\n得到{色02}{道具2505}{/色}\n以上的东西后\n---\n再教你\n些什么
sys2_632	SYSTEM/MASTER.EMI	155	0	171b1b3c7f9c84695f62128201a38ba38b12c791706470812302050209270506950112ce7312bd916d8424027c6d12cd6301135561705e987c6a8923	{立绘1B1B}「めずらしいお宝\nどんどん持ってきてや。\n---\n{色02}{道具2705}{/色}が\n手に入ったら、\n---\nまた何か\n教えてあげますわ。	{立绘1B1B}「稀有宝物\n尽管拿来吧\n---\n{色02}{道具2705}{/色}\n到手之后\n---\n再教你\n些什么
sys2_633	SYSTEM/MASTER.EMI	157	0	171b1b3c050309960406a201d9af7780602412c3129387a26a8923	{立绘1B1B}「{色03}{道具9604}{/色}で\nワイはもう、品切れですわ。	{立绘1B1B}「{色03}{道具9604}{/色}\n已经断货了
sys2_634	SYSTEM/MASTER.EMI	159	0	b5d8b5766d73	クロクのたに	克罗克谷
sys2_635	SYSTEM/MASTER.EMI	160	0	b0afdbf2ddae	ウインディア	温迪亚
sys2_636	SYSTEM/MASTER.EMI	161	0	b9e35db5	シュ-ク	舒克
sys2_637	SYSTEM/MASTER.EMI	162	0	bedfb5	チェク	切克
sys2_638	SYSTEM/MASTER.EMI	163	0	134b12ec134c134d76779b	黄金平野のはじ	黄金平野边缘
sys2_639	SYSTEM/MASTER.EMI	164	0	d5fb	リプ	里普
sys2_640	SYSTEM/MASTER.EMI	165	0	71609e6576aeebc1	とうぞくのアジト	盗贼据点
sys2_641	SYSTEM/MASTER.EMI	166	0	c95dd7db761346	フ-レンの里	弗伦的故里
sys2_642	SYSTEM/MASTER.EMI	167	0	134512d812d1	山小屋	山间小屋
sys2_643	SYSTEM/MASTER.EMI	168	0	bbc5babd	セネスタ	塞内斯塔
sys2_644	SYSTEM/MASTER.EMI	169	0	b8d6f2dddb	サルディン	萨尔丁
sys2_645	SYSTEM/MASTER.EMI	170	0	bbc5babd	セネスタ	塞内斯塔
sys2_646	SYSTEM/MASTER.EMI	171	0	686495663a12e78385801295652412cc1287a26486	さきがけ：敵よりも早く、行動できる	先手：比敌人更早行动
sys2_647	SYSTEM/MASTER.EMI	172	0	768ba5853a12508a77726a715b	のんびり：目をはなすと‥	悠闲：一不留神…
sys2_648	SYSTEM/MASTER.EMI	173	0	625f606e3ab7dbf812f42412f391705f8612e773c1f3cf8a686a	おいうち：コンボ時、弱っている敵にトドメをさす	追击：连击时对虚弱的敌人给予致命一击
sys2_649	SYSTEM/MASTER.EMI	174	0	638b686f3a1256121f8a128012938628d45dc3dbe712dd555029	かんさつ：攻撃を見切る（ラ-ニング率UP）	观察：看破攻击（学习率提升）
sys2_650	SYSTEM/MASTER.EMI	175	0	72647e693a12ea121f95a26d843c1245121d3e737286	なきむし：反撃がでたら「必殺」になる	爱哭：受到反击后变为「必杀」
sys2_651	SYSTEM/MASTER.EMI	176	0	668b81653aaeafc0ce953caebdd56f643e737286	けんやく：アイテムが「アタリつき」になる	节俭：道具变为「附带奖励」
sys2_652	SYSTEM/MASTER.EMI	177	0	5f6d9f643a12806d677195725faeafc0ce8a125812ce73746a7e	いただき：見たことがないアイテムを勝手にぬすむ	掠取：自动偷取未见过的道具
sys2_653	SYSTEM/MASTER.EMI	178	0	12a9124d3a128d87a41201645f95248181123c120012dd95689586	全力：当れば大きいが、やや命中率がさがる	全力：命中后威力大，但命中率略降
sys2_654	SYSTEM/MASTER.EMI	179	0	698b958b3a313030126631303012003f	しんがん：100発100中？	心眼：百发百中？
sys2_655	SYSTEM/MASTER.EMI	180	0	63a4603a788b12e876132113037a761256121f8a123112aa9513046686	かばう：ひん死の仲間への攻撃を自分が受ける	掩护：替濒死队友承受攻击
sys2_656	SYSTEM/MASTER.EMI	181	0	e5e1bf213a132265708024132312d5a212336e12689586	ガッツ！：痛くても、根性で立ち上がる	毅力！：受伤也能凭毅力站起来
sys2_657	SYSTEM/MASTER.EMI	182	0	8365a4853a12ad12aea280846186edc35d95796186	よくばり：戦闘でもらえるゼニ-がふえる	贪婪：战斗获得的泽尼增加
sys2_658	SYSTEM/MASTER.EMI	183	0	2005014652454506	{码20}{色01}FREE{/色}	 {色01}空闲{/色}
sys2_659	SYSTEM/MASTER.EMI	184	0	d4b0d6c9	ラウルフ	拉尔夫
sys2_660	SYSTEM/MASTER.EMI	185	0	d0d0	モモ	莫莫
sys2_661	SYSTEM/MASTER.EMI	186	0	b5d4dbb5	クランク	克兰克
sys2_662	SYSTEM/MASTER.EMI	187	0	bedfb57612e01356	チェクの長老	切克长老
sys2_663	SYSTEM/MASTER.EMI	188	0	133e12efdbebe4d0	妖精ンジョモ	妖精恩乔莫
sys2_664	SYSTEM/MASTER.EMI	189	0	e6e4b9d6	ギョシル	吉西尔
sys2_665	SYSTEM/MASTER.EMI	190	0	bac1d6	ストル	斯特尔
sys2_666	SYSTEM/MASTER.EMI	191	0	b0c2	ウナ	云娜
sys2_667	SYSTEM/MASTER.EMI	192	0	f4f4f2d6	ババデル	巴巴德尔
sys2_668	SYSTEM/MASTER.EMI	193	0	d5bd	リタ	丽塔
sys2_669	SYSTEM/MASTER.EMI	194	0	b35ddb	カ-ン	卡恩
sys2_670	SYSTEM/MASTER.EMI	195	0	cc5dd8e1b5	マ-ロック	马洛克
sys2_671	SYSTEM/MASTER.EMI	196	0	68649566	さきがけ	先手
sys2_672	SYSTEM/MASTER.EMI	197	0	768ba585	のんびり	悠闲
sys2_673	SYSTEM/MASTER.EMI	198	0	625f606e	おいうち	追击
sys2_674	SYSTEM/MASTER.EMI	199	0	638b686f	かんさつ	观察
sys2_675	SYSTEM/MASTER.EMI	200	0	72647e69	なきむし	爱哭
sys2_676	SYSTEM/MASTER.EMI	201	0	668b8165	けんやく	节俭
sys2_677	SYSTEM/MASTER.EMI	202	0	5f6d9f64	いただき	掠取
sys2_678	SYSTEM/MASTER.EMI	203	0	12a9124d	全力	全力
sys2_679	SYSTEM/MASTER.EMI	204	0	698b958b	しんがん	心眼
sys2_680	SYSTEM/MASTER.EMI	205	0	63a460	かばう	掩护
sys2_681	SYSTEM/MASTER.EMI	206	0	e5e1bf21	ガッツ！	毅力！
sys2_682	SYSTEM/MASTER.EMI	207	0	8365a485	よくばり	贪婪
sys2_683	SYSTEM/MASTER.EMI	208	0	6f7e9b122a	つむじ風	旋风
sys2_684	SYSTEM/MASTER.EMI	209	0	6212336e9f5f	お立ちだい	站台
sys2_685	SYSTEM/MASTER.EMI	210	0	ccebe1b5f85dd6	マジックボ-ル	魔法球
sys2_686	SYSTEM/MASTER.EMI	211	0	7b7e84a46984	ほむらばしら	焰柱
sys2_687	SYSTEM/MASTER.EMI	212	0	bafbd75d	スプレ-	喷雾
sys2_688	SYSTEM/MASTER.EMI	213	0	12287e6985	草むしり	除草
sys2_689	SYSTEM/MASTER.EMI	214	0	b2d4b5d6	オラクル	神谕
sys2_690	SYSTEM/MASTER.EMI	215	0	638473678086	からにこもる	缩壳
sys2_691	SYSTEM/MASTER.EMI	216	0	cfe5cbdb	メガホン	扩音器
sys2_692	SYSTEM/MASTER.EMI	217	0	656064121f6e	くうき撃ち	空气击
sys2_693	SYSTEM/MASTER.EMI	218	0	6b8b9685	せんぎり	千斩
sys2_694	SYSTEM/MASTER.EMI	219	0	121c121d	滅殺	灭杀
sys2_695	SYSTEM/MASTER.EMI	220	0	122212236d7f	魔法ため	蓄魔
sys2_696	SYSTEM/MASTER.EMI	221	0	12251226	結界	结界
sys2_697	SYSTEM/MASTER.EMI	222	0	bbf6dbbabbdbba	セブンスセンス	第七感
sys2_698	SYSTEM/MASTER.EMI	223	0	12705f7c6b8b	使いません	不使用
sys2_699	SYSTEM/MASTER.EMI	224	0	a4659864	ばくげき	爆击
sys2_700	SYSTEM/MASTER.EMI	225	0	7d8b72988b64	みんなげんき	全员活力
sys2_701	SYSTEM/MASTER.EMI	226	0	f4c1d6bcdbe7	バトルソング	战之歌
sys2_702	SYSTEM/MASTER.EMI	227	0	efdbbaccb3f6d6	ダンスマカブル	死亡之舞
sys2_703	SYSTEM/MASTER.EMI	228	0	12377682a589	水のゆびわ	水之戒指
sys2_704	SYSTEM/MASTER.EMI	229	0	6d657d766862	たくみのさお	巧手钓竿
sys2_705	SYSTEM/MASTER.EMI	230	0	64897f766862	きわめのさお	极意钓竿
sys2_706	SYSTEM/MASTER.EMI	231	0	12705f7c6b8b	使いません	不使用
sys2_707	SYSTEM/MASTER.EMI	232	0	746a7e	ぬすむ	偷窃
sys2_708	SYSTEM/MASTER.EMI	233	0	beb4dbaebde1b5	チキンアタック	胆怯攻击
sys2_709	SYSTEM/MASTER.EMI	234	0	12705f7c6b8b	使いません	不使用
sys2_710	SYSTEM/MASTER.EMI	235	0	12705f7c6b8b	使いません	不使用
sys2_711	SYSTEM/MASTER.EMI	236	0	a68ba385	ぶんどり	抢夺
sys2_712	SYSTEM/MASTER.EMI	237	0	ba5df95db7dbf8	ス-パ-コンボ	超级连击
sys2_713	SYSTEM/MASTER.EMI	238	0	5ea48786	あばれる	暴走
sys2_714	SYSTEM/MASTER.EMI	239	0	12705f7c6b8b	使いません	不使用
sys2_715	SYSTEM/MASTER.EMI	240	0	7d75606e	みねうち	刀背打
sys2_716	SYSTEM/MASTER.EMI	241	0	b3b0dbbd5d	カウンタ-	反击
sys2_717	SYSTEM/MASTER.EMI	242	0	b9e2f3b0b0e05db5	シャドウウォ-ク	暗影步
sys2_718	SYSTEM/MASTER.EMI	243	0	b3b5e9	カクゴ	觉悟
sys2_719	SYSTEM/MASTER.EMI	244	0	625f7685	おいのり	祈祷
sys2_720	SYSTEM/MASTER.EMI	245	0	1216121f	神撃	神击
sys2_721	SYSTEM/MASTER.EMI	246	0	1201120f1210	大防御	大防御
sys2_722	SYSTEM/MASTER.EMI	247	0	f7c5f2ddb5b9e4db	ベネディクション	祝福
sys2_723	SYSTEM/MASTER.EMI	248	0	122012216d7f	気合ため	蓄气
sys2_724	SYSTEM/MASTER.EMI	249	0	626d66a5	おたけび	怒吼
sys2_725	SYSTEM/MASTER.EMI	250	0	126712291219	散烈拳	散烈拳
sys2_726	SYSTEM/MASTER.EMI	251	0	85647e	りきむ	发力
sys2_727	SYSTEM/MASTER.EMI	252	0	627c9b725f	おまじない	护身符
sys2_728	SYSTEM/MASTER.EMI	253	0	7871859b7f	ひとりじめ	独占
sys2_729	SYSTEM/MASTER.EMI	254	0	d65dd7e1c1	ル-レット	轮盘
sys2_730	SYSTEM/MASTER.EMI	255	0	12705f7c6b8b	使いません	不使用
sys2_731	SYSTEM/MSHOP.EMI	0	0	ccc35dd8b9e4e1fb7612b612b7f25dbd812121	マニ-ロショップの会話デ-タや！！	是马尼罗商店的对话数据！！
sys2_732	SYSTEM/MSHOP.EMI	1	0	0c8a14820c82775f015f5f61	{框8A}{码14820C82}はい\nいいえ	{框8A}{码14820C82}是\n否
sys2_733	SYSTEM/MSHOP.EMI	2	0	0c8814820c82775f015f5f61	{框88}{码14820C82}はい\nいいえ	{框88}{码14820C82}是\n否
sys2_734	SYSTEM/MSHOP.EMI	3	0	07008a205f656f7b695f8b813f01150712641290b45da22012c88a1288127c697081	{占位00}を{码20}いくつほしいんや？\n{符号2 07}放向キ-で{码20}数を決定してや	要几个{占位00}？\n{符号2 07}用方向键决定数量啦
sys2_735	SYSTEM/MSHOP.EMI	4	0	070071206760638b8172016c87a2206161633f	{占位00}と{码20}こうかんやな\nそれで{码20}ええか？	用{占位00}交换\n这样可以吧？
sys2_736	SYSTEM/MSHOP.EMI	5	0	070077203939b712c7917086818b6301678712c9126812c4617a8ba2	{占位00}は{码20}99コ持ってるやんか\nこれ以上買えへんで	你已经拿着99个{占位00}\n不能再买了
sys2_737	SYSTEM/MSHOP.EMI	6	0	b8b3c29512ca847a8ba2	サカナが足らへんで	鱼不够啦
sys2_738	SYSTEM/MSHOP.EMI	7	0	7c5fa3246262647321010700fdafdbc124fbd7eddbc18121	まいど、おおきに！\n{占位00}ポイント、プレゼントや！	多谢惠顾！\n送你{占位00}点数！
sys2_739	SYSTEM/MSHOP.EMI	10	0	07008a127612776a868b633f	{占位00}を装備するんか？	要装备{占位00}吗
sys2_740	SYSTEM/MSHOP.EMI	11	0	1284952007008a127612776a868b813f011507050a150006f8bddba2127612776a86a2	誰が{码20}{占位00}を装備するんや？\n{符号2 07}{色0A}{符号2 00}{/色}ボタンで装備するで	由谁装备{占位00}？\n{符号2 07}按{色0A}{符号2 00}{/色}键装备
sys2_741	SYSTEM/MSHOP.EMI	12	0	07008a127612776a86a20161618b633f	{占位00}を装備するで\nええんか？	要装备{占位00}吧\n可以吗？
sys2_742	SYSTEM/MSHOP.EMI	13	0	0700778b248390ff736260707c916b21	{占位00}はん、よぉーにおうてまっせ！	{占位00}老爷，好好穿着哦！
sys2_743	SYSTEM/MSHOP.EMI	14	0	7d72688b248390ff736260707c916b21	みなさん、よぉーにおうてまっせ！	各位，好好穿着哦！
sys2_744	SYSTEM/MSHOP.EMI	15	0	0501454d50545906	{色01}EMPTY{/色}	{色01}空{/色}
sys2_745	SYSTEM/MSHOP.EMI	16	0	0700fdafdbc16d7c917186638401babddbfb0701b72062696d86a221	{占位00}ポイントたまっとるから\nスタンプ{占位01}コ{码20}おしたるで！	积攒了{占位00}点数\n送你{占位01}个戳记！
sys2_746	SYSTEM/MSHOP.EMI	17	0	958ba49170015f91a95f206d7f708121	がんばって\nいっぱい{码20}ためてや！	加油\n多攒点吧！
sys2_747	SYSTEM/MSHOP.EMI	18	0	fdafdbc19512ca847a8b638401babddbfb7772698121	ポイントが足らへんから\nスタンプはなしや！	点数不够，\n不给戳记！
sys2_748	SYSTEM/MSHOP.EMI	19	0	678712c91268b35df3806d877a8ba221	これ以上カ-ドもたれへんで！	卡牌已经拿不下了！
sys2_749	SYSTEM/MSHOP.EMI	20	0	128b12c712c8	所持数	持有数
sys2_750	SYSTEM/MSHOP.EMI	21	0	07008a205f656f6760638b6a868b813f01150712641290b45da22012c88a1288127c697081	{占位00}を{码20}いくつこうかんするんや？\n{符号2 07}放向キ-で{码20}数を決定してや	要交换几个{占位00}？\n{符号2 07}用方向键决定数量啦
sys2_751	SYSTEM/MSHOP.EMI	22	0	07008a206760638b6a868b81720161618b633f	{占位00}を{码20}こうかんするんやな\nええんか？	要交换{占位00}吧\n可以吗？
sys2_752	SYSTEM/MSHOP.EMI	23	0	6c8712c91268806d877a8ba221	それ以上もたれへんで！	已经拿不下了！
sys2_753	SYSTEM/MSHOP.EMI	24	0	094f009512ca847a8ba221015e7107007c5f24b35df38a5e6f7f7081	{道具4F00}が足らへんで！\nあと{占位00}まい、カ-ドをあつめてや	{道具4F00}不够啦！\n再收集{占位00}张卡牌吧
sys2_754	SYSTEM/MSHOP.EMI	25	0	0700772480605e9884877a8b728c	{占位00}は、もうあげられへんなぁ	{占位00}已经不能给了啊
sys2_755	SYSTEM/MSHOP.EMI	26	0	6f916db8b3c271aeafc0ce8a206760638b697c6a	つったサカナとアイテムを{码20}こうかんします	用钓到的鱼交换道具
sys2_756	SYSTEM/MSHOP.EMI	27	0	094f0071665f788b8a206760638b697c6a	{道具4F00}とけいひんを{码20}こうかんします	用{道具4F00}交换奖品
sys2_757	SYSTEM/MSHOP.EMI	28	0	7c6d6470812121	またきてや！！	再来啊！！
sys2_758	SYSTEM/MSHOP.EMI	29	0	c1d75df3	トレ-ド	交换
sys2_759	SYSTEM/MSHOP.EMI	30	0	665f788b	けいひん	奖品
sys2_760	SYSTEM/MSHOP.EMI	31	0	817f86	やめる	退出
sys2_761	SYSTEM/MSHOP.EMI	32	0	12641290b45d126812a83ab7ccdbf38a128512ba012001050a1500063a1288127c2020050a1501063ab9e4e1fb8a12cb86	放向キ-上下：コマンドを選択\n{码20}\n{色0A}{符号2 00}{/色}：決定{码20}{码20}{色0A}×{/色}：ショップを出る	方向键上下：选择指令\n \n{色0A}{符号2 00}{/色}：确定  {色0A}×{/色}：离开商店
sys2_762	SYSTEM/MSHOP.EMI	33	0	12641290b45d126812a83ab35dbcd612861287012001050a1500063a1288127c202020050a1501063ab4e2dbbbd6	放向キ-上下：カ-ソル移動\n{码20}\n{色0A}{符号2 00}{/色}：決定{码20}{码20}{码20}{色0A}×{/色}：キャンセル	方向键上下：移动光标\n \n{色0A}{符号2 00}{/色}：确定   {色0A}×{/色}：取消
sys2_763	SYSTEM/MSHOP.EMI	34	0	12641290b45d12913a2d3120202012923a2b310112641290b45d12a83a2d3130202012683a2b3130014c31404c323a31732052314052323a4d415802050a1500063a1288127c202020050a1501063ab4e2dbbbd6	放向キ-左：－1{码20}{码20}{码20}右：+1\n放向キ-下：－10{码20}{码20}上：+10\nL1·L2：1に{码20}R1·R2：MAX\n---\n{色0A}{符号2 00}{/色}：決定{码20}{码20}{码20}{色0A}×{/色}：キャンセル	方向键左：－1   右：+1\n方向键下：－10  上：+10\nL1·L2：设为1  R1·R2：最大\n---\n{色0A}{符号2 00}{/色}：确定   {色0A}×{/色}：取消
sys2_764	SYSTEM/MSHOP.EMI	35	0	12641290b45d3a128495127612776a86638a128512ba012001050a1500063a1288127c202020050a1501063ab4e2dbbbd6	放向キ-：誰が装備するかを選択\n{码20}\n{色0A}{符号2 00}{/色}：決定{码20}{码20}{码20}{色0A}×{/色}：キャンセル	方向键：选择由谁装备\n \n{色0A}{符号2 00}{/色}：确定   {色0A}×{/色}：取消
sys2_765	SYSTEM/MSHOP.EMI	37	0	12641290b45d126812a83ab35dbcd612861287012001050a1500063a1288127c202020050a1501063ab4e2dbbbd6	放向キ-上下：カ-ソル移動\n{码20}\n{色0A}{符号2 00}{/色}：決定{码20}{码20}{码20}{色0A}×{/色}：キャンセル	方向键上下：移动光标\n \n{色0A}{符号2 00}{/色}：确定   {色0A}×{/色}：取消
sys2_766	SYSTEM/MSHOP.EMI	38	0	12641290b45d12913a2d3120202012923a2b310112641290b45d12a83a2d3130202012683a2b3130014c31404c323a31732052314052323a4d415802050a1500063a1288127c202020050a1501063ab4e2dbbbd6	放向キ-左：－1{码20}{码20}{码20}右：+1\n放向キ-下：－10{码20}{码20}上：+10\nL1·L2：1に{码20}R1·R2：MAX\n---\n{色0A}{符号2 00}{/色}：決定{码20}{码20}{码20}{色0A}×{/色}：キャンセル	方向键左：－1   右：+1\n方向键下：－10  上：+10\nL1·L2：设为1  R1·R2：最大\n---\n{色0A}{符号2 00}{/色}：确定   {色0A}×{/色}：取消
sys2_767	SYSTEM/SAVE.EMI	1	0	0c8a14820c82775f015f5f61	{框8A}{码14820C82}はい\nいいえ	{框8A}{码14820C82}是\n否
sys2_768	SYSTEM/SAVE.EMI	2	0	0c8814820c82775f015f5f61	{框88}{码14820C82}はい\nいいえ	{框88}{码14820C82}是\n否
sys2_769	SYSTEM/SAVE.EMI	3	0	cfd0d55db35df37620bedfe1b51200a26a	メモリ-カ-ドの{码20}チェック中です	记忆卡检查中
sys2_770	SYSTEM/SAVE.EMI	4	0	c9dcafd67620bedfe1b51200a26a	ファイルの{码20}チェック中です	文件检查中
sys2_771	SYSTEM/SAVE.EMI	5	0	cfd0d55db35df395205e857c6b8b	メモリ-カ-ドが{码20}ありません	未找到记忆卡
sys2_772	SYSTEM/SAVE.EMI	6	0	6991a95f697c696d20818572626970659f685f	しっぱいしました{码20}やりなおしてください	操作失败，请重试
sys2_773	SYSTEM/SAVE.EMI	7	0	bedfe1b573206991a95f697c696d	チェックに{码20}しっぱいしました	检查失败
sys2_774	SYSTEM/SAVE.EMI	8	0	cfd0d55db35df395201273129b129c6887705f7c6b8b	メモリ-カ-ドが{码20}初期化されていません	记忆卡尚未格式化
sys2_775	SYSTEM/SAVE.EMI	9	0	cfd0d55db35df395201273129b129c6887705f7c6b8b01cfd0d55db35df38a201273129b129c697c6a63	メモリ-カ-ドが{码20}初期化されていません\nメモリ-カ-ドを{码20}初期化しますか	记忆卡尚未格式化\n要格式化记忆卡吗
sys2_776	SYSTEM/SAVE.EMI	10	0	128c128d73201273129b129c69708388695fa26a63	本当に{码20}初期化してよろしいですか	确定要格式化吗
sys2_777	SYSTEM/SAVE.EMI	11	0	1273129b129c12005b20cfd0d55db35df38a132b63725fa2659f685f	初期化中‥{码20}メモリ-カ-ドを抜かないでください	格式化中…请勿取出记忆卡
sys2_778	SYSTEM/SAVE.EMI	12	0	1273129b129c9512b889857c696d	初期化が終わりました	格式化完成
sys2_779	SYSTEM/SAVE.EMI	13	0	1273129b129c73206991a95f697c696d	初期化に{码20}しっぱいしました	格式化失败
sys2_780	SYSTEM/SAVE.EMI	14	0	0c8714810c82775f015f5f61	{框87}{码14810C82}はい\nいいえ	{框87}{码14810C82}是\n否
sys2_781	SYSTEM/SAVE.EMI	15	0	204e4f2044415441	{码20}NO{码20}DATA	 无存档数据
sys2_782	SYSTEM/SAVE.EMI	16	0	555345442044415441	USED{码20}DATA	已用数据
sys2_783	SYSTEM/SAVE.EMI	17	0	5b434845434b494e47	‥CHECKING	…检查中
sys2_784	SYSTEM/SAVE.EMI	18	0	4c4f4144	LOAD	读取
sys2_785	SYSTEM/SAVE.EMI	19	0	a36e8476cfd0d55db35df3638420d85df3697c6a63	どちらのメモリ-カ-ドから{码20}ロ-ドしますか	从哪边记忆卡读取
sys2_786	SYSTEM/SAVE.EMI	20	0	a376c9dcafd68a20d85df3697c6a63	どのファイルを{码20}ロ-ドしますか	读取哪个文件
sys2_787	SYSTEM/SAVE.EMI	21	0	d85df36970208388695fa26a63	ロ-ドして{码20}よろしいですか	确定要读取吗
sys2_788	SYSTEM/SAVE.EMI	22	0	d85df312005b20cfd0d55db35df38a132b63725fa2659f685f	ロ-ド中‥{码20}メモリ-カ-ドを抜かないでください	读取中…请勿取出记忆卡
sys2_789	SYSTEM/SAVE.EMI	23	0	d85df3952012b889857c696d	ロ-ドが{码20}終わりました	读取完成
sys2_790	SYSTEM/SAVE.EMI	24	0	c9dcafd68a20b25dfbdba2647c6b8b	ファイルを{码20}オ-プンできません	无法打开文件
sys2_791	SYSTEM/SAVE.EMI	25	0	f6d7bab2f6c9dcafae15057620c9dcafd6955e857c6b8b	ブレスオブファイア{符号2 05}の{码20}ファイルがありません	没有龙战士{符号2 05}的存档文件
sys2_792	SYSTEM/SAVE.EMI	26	0	c9dcafd69520678987705f7c6a	ファイルが{码20}こわれています	文件已损坏
sys2_793	SYSTEM/SAVE.EMI	27	0	d85df373206991a95f697c696d	ロ-ドに{码20}しっぱいしました	读取失败
sys2_794	SYSTEM/SAVE.EMI	28	0	c9dcafd695205e857c6b8b	ファイルが{码20}ありません	没有文件
sys2_795	SYSTEM/SAVE.EMI	29	0	f6d7bab2f6c9dcafae150576c9dcafd6a2775e857c6b8b	ブレスオブファイア{符号2 05}のファイルではありません	不是龙战士{符号2 05}的文件
sys2_796	SYSTEM/SAVE.EMI	30	0	c9dcafd68ad85df3a2647c6b8b	ファイルをロ-ドできません	无法读取文件
sys2_797	SYSTEM/SAVE.EMI	32	0	53415645	SAVE	存档
sys2_798	SYSTEM/SAVE.EMI	33	0	a36e8476cfd0d55db35df37320bb5df6697c6a63	どちらのメモリ-カ-ドに{码20}セ-ブしますか	存档到哪边记忆卡
sys2_799	SYSTEM/SAVE.EMI	34	0	bb5df66a86c9dcafd68a2012858ba212a8685f	セ-ブするファイルを{码20}選んで下さい	请选择存档文件
sys2_800	SYSTEM/SAVE.EMI	35	0	bb5df66970208388695fa26a63	セ-ブして{码20}よろしいですか	确定要存档吗
sys2_801	SYSTEM/SAVE.EMI	36	0	bb5df612005b20cfd0d55db35df38a132b63725fa2659f685f	セ-ブ中‥{码20}メモリ-カ-ドを抜かないでください	存档中…请勿取出记忆卡
sys2_802	SYSTEM/SAVE.EMI	37	0	bb5df69512b889857c696d	セ-ブが終わりました	存档完成
sys2_803	SYSTEM/SAVE.EMI	38	0	bb5df6c9dcafd695132c69651315124368877c6b8ba2696d	セ-ブファイルが正しく作成されませんでした	存档文件未能正确创建
sys2_804	SYSTEM/SAVE.EMI	39	0	cfd0d55db35df37320125364955e857c6b8b	メモリ-カ-ドに{码20}空きがありません	记忆卡空间不足
sys2_805	SYSTEM/SAVE.EMI	40	0	bb5df673772031f6d8e1b5124512bfa26a	セ-ブには{码20}1ブロック必要です	存档需要1个区块
sys2_806	SYSTEM/SAVE.EMI	41	0	c9dcafd60701732012c2695fc9dcafd68a13151243697c6a63	ファイル{占位01}に{码20}新しいファイルを作成しますか	文件{占位01}是否新建存档文件？
sys2_807	SYSTEM/SAVE.EMI	42	0	c9dcafd6070173201268132d6469708388695fa26a63	ファイル{占位01}に{码20}上書きしてよろしいですか	文件{占位01}是否覆盖存档？
sys2_808	SYSTEM/SAVE.EMI	43	0	6776c9dcafd673201268132d646a86128377a2647c6b8b	このファイルに{码20}上書きする事はできません	此文件无法覆盖
sys2_809	SYSTEM/SAVE.EMI	44	0	44415441204552524f52	DATA{码20}ERROR	数据错误
sys2_810	SYSTEM/SAVE.EMI	47	0	12641290b45d126812a83acfd0d55db35df38a128512ba01050a1500063a1288127c01050a1501063abb5df62fd85df38a817f86	放向キ-上下：メモリ-カ-ドを選択\n{色0A}{符号2 00}{/色}：決定\n{色0A}×{/色}：セ-ブ/ロ-ドをやめる	方向键上下：选择记忆卡\n{色0A}{符号2 00}{/色}：确定\n{色0A}×{/色}：取消存档/读取
sys2_811	SYSTEM/SAVE.EMI	48	0	12641290b45d203ab35dbcd67612861287014c31404c323a0112f41303120e1201638412d876f25dbd73b35dbcd6128612870252314052323a0112f41303120e12d86384120176f25dbd73b35dbcd61286128702050a150006203a1288127c01050a150106203acfd0d55db35df3128512ba12a112a273128f86	放向キ-{码20}：カ-ソルの移動\nL1·L2：\n時間最大から小のデ-タにカ-ソル移動\n---\nR1·R2：\n時間最小から大のデ-タにカ-ソル移動\n---\n{色0A}{符号2 00}{/色}{码20}：決定\n{色0A}×{/色}{码20}：メモリ-カ-ド選択画面に戻る	方向键：移动光标\nL1·L2：\n跳到最新存档\n---\nR1·R2：\n跳到最旧存档\n---\n{色0A}{符号2 00}{/色}：确定\n{色0A}×{/色}：返回记忆卡选择
sys2_812	SYSTEM/SAVE.EMI	50	0	cfd0d55db35df3135713581359317301cfd0d55db35df3955e857c6b8b02bb5df69512cc6186836001cfd0d55db35df376011270127d8a626a6a7f697c6a	メモリ-カ-ド差込口1に\nメモリ-カ-ドがありません\n---\nセ-ブが行えるよう\nメモリ-カ-ドの\n使用をおすすめします	记忆卡插槽1中\n未找到记忆卡\n---\n请准备记忆卡\n以便\n进行存档
sys2_813	SYSTEM/SAVE.EMI	51	0	cfd0d55db35df3135713581359317601cfd0d55db35df37320125364f6d8e1b595015e857c6b8b02bb5df69512cc618683602031f6d8e1b512c912687601125364955e8620cfd0d55db35df3761270127d8a01626a6a7f697c6a	メモリ-カ-ド差込口1の\nメモリ-カ-ドに{码20}空きブロックが\nありません\n---\nセ-ブが行えるよう{码20}1ブロック以上の\n空きがある{码20}メモリ-カ-ドの使用を\nおすすめします	记忆卡插槽1的\n记忆卡没有\n空闲区块\n---\n请确保有1个以上\n空闲区块的记忆卡\n以便进行存档
sys2_814	SYSTEM/SAVE.EMI	52	0	cfd0d55db35df3135713581359317601cfd0d55db35df376c9dcafd69501678987705f7c6a0267767c7ca27720e85dce120073bb5df68a0112cc60128395a2647c6b8b02bb5df69512cc618683602031f6d8e1b512c912687601125364955e8620cfd0d55db35df3761270127d8a01626a6a7f697c6a	メモリ-カ-ド差込口1の\nメモリ-カ-ドのファイルが\nこわれています\n---\nこのままでは{码20}ゲ-ム中にセ-ブを\n行う事ができません\n---\nセ-ブが行えるよう{码20}1ブロック以上の\n空きがある{码20}メモリ-カ-ドの使用を\nおすすめします	记忆卡插槽1的\n记忆卡文件\n已损坏\n---\n这样将无法\n在游戏中存档\n---\n请确保有1个以上\n空闲区块的记忆卡\n以便进行存档
sys2_815	SYSTEM/SAVE.EMI	53	0	20204552524f52	{码20}{码20}ERROR	  错误
sys2_816	SYSTEM/SAVE.EMI	54	0	0c8914810c82775f015f5f61	{框89}{码14810C82}はい\nいいえ	{框89}{码14810C82}是\n否
sys2_817	SYSTEM/SAVE.EMI	56	0	3120649a69	1{码20}きざし	1 征兆
sys2_818	SYSTEM/SAVE.EMI	57	0	3220125773636389868076	2{码20}竜にかかわるもの	2 与龙相关之物
sys2_819	SYSTEM/SAVE.EMI	58	0	3320124f616d12141272	3{码20}消えた王女	3 消失的公主
sys2_820	SYSTEM/SAVE.EMI	59	0	34201214125c76123d	4{码20}王家の剣	4 王族之剑
sys2_821	SYSTEM/SAVE.EMI	60	0	3520122a1257d45db0dd	5{码20}風竜ラ-ウィ	5 风龙拉维
sys2_822	SYSTEM/SAVE.EMI	61	0	362012d6123a	6{码20}聖地	6 圣地
sys2_823	SYSTEM/SAVE.EMI	62	0	3720aed6b3af761257	7{码20}アルカイの竜	7 阿尔凯之龙
sys2_824	SYSTEM/SAVE.EMI	63	0	3820689f7f7612b312cc64	8{码20}さだめの道行き	8 命运的旅途
sys2_825	SYSTEM/SAVE.EMI	64	0	392062886372868076	9{码20}おろかなるもの	9 愚者
sys2_826	SYSTEM/SAVE.EMI	65	0	313020133a761201133b	10{码20}西の大陸	10 西方大陆
sys2_827	SYSTEM/SAVE.EMI	66	0	3131207d6ea564	11{码20}みちびき	11 引导
sys2_828	SYSTEM/SAVE.EMI	67	0	31322012da7612b88985	12{码20}旅の終わり	12 旅途的终点
sys2_829	SYSTEM/SAVE.EMI	68	0	313320121671c8c171	13{码20}神とヒトと	13 神与人
sys2_830	SYSTEM/SAVE.EMI	70	0	0c0120bb5df68a2012b812b969708388695fa26a6301202020201509775f150a8a128512ba6a86710120202020bdafc1d612a112a273128f857c6a148c0c42775f015f5f61	{框01}{码20}セ-ブを{码20}終了してよろしいですか\n{码20}{码20}{码20}{码20}{符号2 09}はい』を選択すると\n{码20}{码20}{码20}{码20}タイトル画面に戻ります{码148C0C42}はい\nいいえ	{框01}{码20}确定要退出存档吗\n{码20}{码20}{码20}{码20}选择{符号2 09}是』后\n{码20}{码20}{码20}{码20}将返回标题画面{码148C0C42}是\n否
sys2_831	SYSTEM/SAVE.EMI	85	0	20202020a367a28020202020	{码20}{码20}{码20}{码20}どこでも{码20}{码20}{码20}{码20}	    随处    
sys2_832	SYSTEM/SAVE.EMI	86	0	202020b8d4af76134320202020	{码20}{码20}{码20}サライの町{码20}{码20}{码20}{码20}	   萨莱镇    
sys2_833	SYSTEM/SAVE.EMI	87	0	202020bee2dbf4761343202020	{码20}{码20}{码20}チャンバの町{码20}{码20}{码20}	   钱巴镇   
sys2_834	SYSTEM/SAVE.EMI	88	0	2020aebabdc21344123a123a12a82020	{码20}{码20}アスタナ基地地下{码20}{码20}	  阿斯塔纳基地地下  
sys2_835	SYSTEM/SAVE.EMI	89	0	20202020b4d5ae130e20202020	{码20}{码20}{码20}{码20}キリア村{码20}{码20}{码20}{码20}	    基利亚村    
sys2_836	SYSTEM/SAVE.EMI	90	0	20202020134512d812d12020202020	{码20}{码20}{码20}{码20}山小屋{码20}{码20}{码20}{码20}{码20}	     山间小屋     
sys2_837	SYSTEM/SAVE.EMI	91	0	20202020bbc5babd20202020	{码20}{码20}{码20}{码20}セネスタ{码20}{码20}{码20}{码20}	    塞内斯塔    
sys2_838	SYSTEM/SAVE.EMI	92	0	202020c7b9f5c1761343202020	{码20}{码20}{码20}ハシビトの町{码20}{码20}{码20}	   哈西比特镇   
sys2_839	SYSTEM/SAVE.EMI	93	0	20202020aebabdc220202020	{码20}{码20}{码20}{码20}アスタナ{码20}{码20}{码20}{码20}	    阿斯塔纳    
sys2_840	SYSTEM/SAVE.EMI	94	0	20202020d6f2ddae20202020	{码20}{码20}{码20}{码20}ルディア{码20}{码20}{码20}{码20}	    卢迪亚    
sys2_841	SYSTEM/SAVE.EMI	95	0	20202020b9dff32020202020	{码20}{码20}{码20}{码20}シェド{码20}{码20}{码20}{码20}{码20}	     谢德     
sys2_842	SYSTEM/SAVE.EMI	96	0	202020c95dd7db761346202020	{码20}{码20}{码20}フ-レンの里{码20}{码20}{码20}	   弗伦的故里   
sys2_843	SYSTEM/SAVE.EMI	97	0	202020b0afdbf2ddae202020	{码20}{码20}{码20}ウインディア{码20}{码20}{码20}	   温迪亚   
sys2_844	SYSTEM/SAVE.EMI	98	0	202020bedfb576130e20202020	{码20}{码20}{码20}チェクの村{码20}{码20}{码20}{码20}	   切克村    
sys2_845	SYSTEM/SAVE.EMI	99	0	20202020bcdb130e2020202020	{码20}{码20}{码20}{码20}ソン村{码20}{码20}{码20}{码20}{码20}	     索村     
sys2_846	SYSTEM/SAVE.EMI	100	0	20202083606b5f76130e202020	{码20}{码20}{码20}ようせいの村{码20}{码20}{码20}	   妖精之村   
sys2_847	SYSTEM/SAVE.EMI	101	0	20202020201354128b2020202020	{码20}{码20}{码20}{码20}{码20}関所{码20}{码20}{码20}{码20}{码20}	     关所     
sys2_848	SYSTEM/SAVE.EMI	102	0	20202020b9e35db520202020	{码20}{码20}{码20}{码20}シュ-ク{码20}{码20}{码20}{码20}	    舒克    
sys2_849	SYSTEM/SAVE.EMI	103	0	2020202020d5fb2020202020	{码20}{码20}{码20}{码20}{码20}リプ{码20}{码20}{码20}{码20}{码20}	     里普     
sys2_850	SYSTEM/SAVE.EMI	104	0	202020b8d6f2dddb1339202020	{码20}{码20}{码20}サルディン島{码20}{码20}{码20}	   萨尔丁岛   
sys2_851	SYSTEM/SAVE.EMI	105	0	202020b7b0b9ae130e20202020	{码20}{码20}{码20}コウシア村{码20}{码20}{码20}{码20}	   考西亚村    
sys2_852	SYSTEM/SAVE.EMI	106	0	20202020beb5ae130e20202020	{码20}{码20}{码20}{码20}チクア村{码20}{码20}{码20}{码20}	    奇库亚村    
sys2_853	SYSTEM/SAVE.EMI	107	0	20202020f9b0b5130e20202020	{码20}{码20}{码20}{码20}パウク村{码20}{码20}{码20}{码20}	    帕乌克村    
sys2_854	SYSTEM/SAVE.EMI	108	0	20202020125e1352354620202020	{码20}{码20}{码20}{码20}皇城5F{码20}{码20}{码20}{码20}	    皇城5层    
sys2_855	SYSTEM/SAVE.EMI	109	0	202020125e1352123a12a83446202020	{码20}{码20}{码20}皇城地下4F{码20}{码20}{码20}	   皇城地下4层   
sys2_856	SYSTEM/SAVE.EMI	110	0	20202020125e1352314620202020	{码20}{码20}{码20}{码20}皇城1F{码20}{码20}{码20}{码20}	    皇城1层    
sys2_857	SYSTEM/SAVE.EMI	111	0	2020202020125f133d2020202020	{码20}{码20}{码20}{码20}{码20}帝都{码20}{码20}{码20}{码20}{码20}	     帝都     
sys2_858	SYSTEM/SAVE.EMI	112	0	2020202012157612005b20202020	{码20}{码20}{码20}{码20}夢の中‥{码20}{码20}{码20}{码20}	    梦境中…    
sys2_859	SYSTEM/SAVE.EMI	130	0	2020201201120213061338131c20202020	{码20}{码20}{码20}大砂漠南部{码20}{码20}{码20}{码20}	   大沙漠南部    
sys2_860	SYSTEM/SAVE.EMI	131	0	202020d6f2ddae123a1264202020	{码20}{码20}{码20}ルディア地放{码20}{码20}{码20}	   卢迪亚地方   
sys2_861	SYSTEM/SAVE.EMI	132	0	2020b0afdbf2ddae123a12642020	{码20}{码20}ウインディア地放{码20}{码20}	  温迪亚地方  
sys2_862	SYSTEM/SAVE.EMI	133	0	202020201200134712df123a20202020	{码20}{码20}{码20}{码20}中央高地{码20}{码20}{码20}{码20}	    中央高地    
sys2_863	SYSTEM/SAVE.EMI	134	0	202020b9e35db5123a1264202020	{码20}{码20}{码20}シュ-ク地放{码20}{码20}{码20}	   舒克地方   
sys2_864	SYSTEM/SAVE.EMI	135	0	202020aebabddb123a1264202020	{码20}{码20}{码20}アスタン地放{码20}{码20}{码20}	   阿斯坦地方   
sys2_865	SYSTEM/SAVE.EMI	136	0	2020201201120213061349131c20202020	{码20}{码20}{码20}大砂漠北部{码20}{码20}{码20}{码20}	   大沙漠北部    
sys2_866	SYSTEM/SAVE.EMI	137	0	202020fcafbd1348133920202020	{码20}{码20}{码20}ペイタ半島{码20}{码20}{码20}{码20}	   佩塔半岛    
sys2_867	SYSTEM/SAVE.EMI	138	0	202020133a1201133b1200131c20202020	{码20}{码20}{码20}西大陸中部{码20}{码20}{码20}{码20}	   西大陆中部    
sys2_868	SYSTEM/SAVE.EMI	139	0	202020ebdbe51345123a20202020	{码20}{码20}{码20}ジンガ山地{码20}{码20}{码20}{码20}	   金加山地    
sys2_869	SYSTEM/SAVE.EMI	140	0	2020202013491264134a133920202020	{码20}{码20}{码20}{码20}北放諸島{码20}{码20}{码20}{码20}	    北方诸岛    
sys2_870	SYSTEM/SAVE.EMI	141	0	20202020b9b276120a20202020	{码20}{码20}{码20}{码20}シオの海{码20}{码20}{码20}{码20}	    潮之海    
sys2_871	SYSTEM/SAVE.EMI	142	0	20202020134b12ec134c134d20202020	{码20}{码20}{码20}{码20}黄金平野{码20}{码20}{码20}{码20}	    黄金平野    
sys2_872	SYSTEM/SAVE.EMI	143	0	202020133a1201133b1338131c20202020	{码20}{码20}{码20}西大陸南部{码20}{码20}{码20}{码20}	   西大陆南部    
sys2_873	SYSTEM/SAVE.EMI	144	0	e85dce127b127c	ゲ-ム設定	游戏设置
sys2_874	SYSTEM/SAVE.EMI	145	0	f8bddb127b127c	ボタン設定	按键设置
sys2_875	SYSTEM/SAVE.EMI	146	0	bab5d55ddb	スクリ-ン	画面
sys2_876	SYSTEM/SAVE.EMI	147	0	1273129b129c	初期化	重置
sys2_877	SYSTEM/SAVE.EMI	148	0	129d1287129e1275	振動機能	振动功能
sys2_878	SYSTEM/SAVE.EMI	149	0	efe1b9e3	ダッシュ	冲刺
sys2_879	SYSTEM/SAVE.EMI	150	0	b3cfd4	カメラ	视角
sys2_880	SYSTEM/SAVE.EMI	151	0	12641290b45d	放向キ-	方向键
sys2_881	SYSTEM/SAVE.EMI	152	0	cfe1bb5deb	メッセ-ジ	消息
sys2_882	SYSTEM/SAVE.EMI	153	0	b8b0dbf3	サウンド	声音
sys2_883	SYSTEM/SAVE.EMI	154	0	42474d	BGM	BGM
sys2_884	SYSTEM/SAVE.EMI	155	0	5345	SE	SE
sys2_885	SYSTEM/SAVE.EMI	156	0	b7dbf9ba	コンパス	罗盘
sys2_886	SYSTEM/SAVE.EMI	157	0	4f4646	OFF	关
sys2_887	SYSTEM/SAVE.EMI	158	0	4f4e	ON	开
sys2_888	SYSTEM/SAVE.EMI	159	0	ccc3e3aed6	マニュアル	手动
sys2_889	SYSTEM/SAVE.EMI	160	0	b25dc1	オ-ト	自动
sys2_890	SYSTEM/SAVE.EMI	161	0	c65dccd6	ノ-マル	普通
sys2_891	SYSTEM/SAVE.EMI	162	0	d5f45dba	リバ-ス	反向
sys2_892	SYSTEM/SAVE.EMI	163	0	301508	0{符号2 08}	0{符号2 08}
sys2_893	SYSTEM/SAVE.EMI	164	0	129234351508	右45{符号2 08}	右45{符号2 08}
sys2_894	SYSTEM/SAVE.EMI	165	0	129134351508	左45{符号2 08}	左45{符号2 08}
sys2_895	SYSTEM/SAVE.EMI	166	0	626c5f	おそい	慢
sys2_896	SYSTEM/SAVE.EMI	167	0	796f60	ふつう	普通
sys2_897	SYSTEM/SAVE.EMI	168	0	77815f	はやい	快
sys2_898	SYSTEM/SAVE.EMI	169	0	bac0d7b2	ステレオ	立体声
sys2_899	SYSTEM/SAVE.EMI	170	0	d0c6d4d6	モノラル	单声道
sys2_900	SYSTEM/SAVE.EMI	171	0	e85dce76127b127c8a207a8b6760697c6a	ゲ-ムの設定を{码20}へんこうします	更改游戏设置
sys2_901	SYSTEM/SAVE.EMI	172	0	b7dbc1d85dd476127b127c8a207a8b6760697c6a011507129f12a076127b127c7720bdaffb0700a26a	コントロ-ラの設定を{码20}へんこうします\n{符号2 07}現在の設定は{码20}タイプ{占位00}です	更改手柄设置\n{符号2 07}当前设置为类型{占位00}
sys2_902	SYSTEM/SAVE.EMI	173	0	12a112a2fdebb9e4db8a2012a3127e697c6a	画面ポジションを{码20}調整します	调整画面位置
sys2_903	SYSTEM/SAVE.EMI	174	0	6aa77076127b127c8a201273129b1278127973128f697c6a011507f8bddb127b127c24bab5d55ddb801273129b1278127973128f857c6a	すべての設定を{码20}初期状態に戻します\n{符号2 07}ボタン設定、スクリ-ンも初期状態に戻ります	将所有设置恢复为初始状态\n{符号2 07}手柄设置和画面也将恢复初始状态
sys2_904	SYSTEM/SAVE.EMI	175	0	6aa77076127b127c8a201273129b129c69708388695fa26a63	すべての設定を{码20}初期化してよろしいですか	确定要将所有设置重置吗
sys2_905	SYSTEM/SAVE.EMI	176	0	129d1287129e127576204f4e2f4f464695a2647c6a011507129d1287129e127577f2e3aed6b9e4e1b5a26212a4697d659f685f	振動機能の{码20}ON/OFFができます\n{符号2 07}振動機能はデュアルショックでお楽しみください	可开启或关闭振动功能\n{符号2 07}振动功能需使用震动手柄
sys2_906	SYSTEM/SAVE.EMI	177	0	efe1b9e3f8bddb8a12a5697012a686632412a765638a1285a77c6a011507aec2d8e7d05df3a2802082606760a26a	ダッシュボタンを押して走るか、步くかを選べます\n{符号2 07}アナログモ-ドでも{码20}ゆうこうです	按下冲刺键可选择奔跑或步行\n{符号2 07}模拟模式同样有效
sys2_907	SYSTEM/SAVE.EMI	178	0	b3cfd4957c8986126412908a207a8b6760697c6a	カメラがまわる放向を{码20}へんこうします	更改视角旋转方向
sys2_908	SYSTEM/SAVE.EMI	179	0	12641290b45d126812a812911292a272727f1286128773127b127ca2647c6a011507c9dd5dd6f312861287767d2082606760a26a	放向キ-上下左右でななめ移動に設定できます\n{符号2 07}フィ-ルド移動のみ{码20}ゆうこうです	方向键上下左右可设置斜向移动\n{符号2 07}仅在地图移动时有效
sys2_909	SYSTEM/SAVE.EMI	180	0	cfe1bb5debbafa5df38a207a8b6760697c6a	メッセ-ジスピ-ドを{码20}へんこうします	更改消息显示速度
sys2_910	SYSTEM/SAVE.EMI	181	0	b8b0dbf3127b127c8a207a8b6760697c6a	サウンド設定を{码20}へんこうします	更改声音设置
sys2_911	SYSTEM/SAVE.EMI	182	0	42474d76f8d5e35dce8a2012a3127e697c6a	BGMのボリュ-ムを{码20}調整します	调整BGM音量
sys2_912	SYSTEM/SAVE.EMI	183	0	534576f8d5e35dce8a2012a3127e697c6a	SEのボリュ-ムを{码20}調整します	调整SE音量
sys2_913	SYSTEM/SAVE.EMI	184	0	6aa77076127b127c8a201273129b129c697c696d	すべての設定を{码20}初期化しました	所有设置已重置
sys2_914	SYSTEM/SAVE.EMI	185	0	12641290b45d126812a83ab7ccdbf38a128512ba01050a1500063a1288127c01050a1501063ae85dce127b127c7612b812b9	放向キ-上下：コマンドを選択\n{色0A}{符号2 00}{/色}：決定\n{色0A}×{/色}：ゲ-ム設定の終了	方向键上下：选择指令\n{色0A}{符号2 00}{/色}：确定\n{色0A}×{/色}：退出游戏设置
sys2_915	SYSTEM/SAVE.EMI	186	0	12641290b45d126812a83a127b127c63699476128512ba0112641290b45d129112923a127b127c767a8b676001050a1501063ab4e2dbbbd6	放向キ-上下：設定かしょの選択\n放向キ-左右：設定のへんこう\n{色0A}×{/色}：キャンセル	方向键上下：选择设置项\n方向键左右：更改设置\n{色0A}×{/色}：取消
sys2_916	SYSTEM/SAVE.EMI	187	0	12641290b45d129112923af8bddb127b127c76128512ba012001050a1501063ae85dce127b127c12a112a273128f86281288127c29	放向キ-左右：ボタン設定の選択\n{码20}\n{色0A}×{/色}：ゲ-ム設定画面に戻る（決定）	方向键左右：选择按键设置\n \n{色0A}×{/色}：返回游戏设置（确定）
sys2_917	SYSTEM/SAVE.EMI	188	0	12641290b45d3a12a112a2fdebb9e4db7612a3127e012001050a1501063ae85dce127b127c12a112a273128f86281288127c29	放向キ-：画面ポジションの調整\n{码20}\n{色0A}×{/色}：ゲ-ム設定画面に戻る（決定）	方向键：调整画面位置\n \n{色0A}×{/色}：返回游戏设置（确定）
sys2_918	SYSTEM/SAVE.EMI	189	0	20202020127aa56361	{码20}{码20}{码20}{码20}並びかえ	    排序
sys2_919	SYSTEM/SAVE.EMI	190	0	b8f612a112a2	サブ画面	副画面
sys2_920	SYSTEM/SAVE.EMI	191	0	aeb5b9e4db	アクション	动作
sys2_921	SYSTEM/SAVE.EMI	192	0	40b4e2dbbbd6	·キャンセル	·取消
sys2_922	SYSTEM/SAVE.EMI	193	0	5354415254f8bddb20202020fd5dec	STARTボタン{码20}{码20}{码20}{码20}ポ-ズ	START键      暂停
sys2_923	SYSTEM/SAVE.EMI	194	0	53454c454354f8bddb202020cad6fb	SELECTボタン{码20}{码20}{码20}ヘルプ	SELECT键     帮助
sys2_924	SYSTEM/SAVE.EMI	195	0	bdaffb3101150712641290b45d12911292a220bdaffb8a12858ba2659f685f	タイプ1\n{符号2 07}放向キ-左右で{码20}タイプを選んでください	类型1\n{符号2 07}请用方向键左右选择类型
sys2_925	SYSTEM/SAVE.EMI	196	0	bdaffb3201150712641290b45d12911292a220bdaffb8a12858ba2659f685f	タイプ2\n{符号2 07}放向キ-左右で{码20}タイプを選んでください	类型2\n{符号2 07}请用方向键左右选择类型
sys2_926	SYSTEM/SAVE.EMI	197	0	bdaffb3301150712641290b45d12911292a220bdaffb8a12858ba2659f685f	タイプ3\n{符号2 07}放向キ-左右で{码20}タイプを選んでください	类型3\n{符号2 07}请用方向键左右选择类型
sys2_927	SYSTEM/SAVE.EMI	198	0	bdaffb3401150712641290b45d12911292a220bdaffb8a12858ba2659f685f	タイプ4\n{符号2 07}放向キ-左右で{码20}タイプを選んでください	类型4\n{符号2 07}请用方向键左右选择类型
sys2_928	SYSTEM/SAVE.EMI	199	0	20efe1b9e3	{码20}ダッシュ	 冲刺
sys2_929	SYSTEM/SAVE.EMI	200	0	20202020b3cfd4	{码20}{码20}{码20}{码20}カメラ	    视角
sys2_930	SYSTEM/SAVE.EMI	201	0	12b612b7401288127c	会話·決定	对话·确定
sys2_931	SYSTEM/SAVE.EMI	202	0	050a150006	{色0A}{符号2 00}{/色}	{色0A}{符号2 00}{/色}
sys2_932	SYSTEM/SAVE.EMI	203	0	050a150206	{色0A}△{/色}	{色0A}△{/色}
sys2_933	SYSTEM/SAVE.EMI	204	0	050a150306	{色0A}□{/色}	{色0A}□{/色}
sys2_934	SYSTEM/SAVE.EMI	205	0	050a150106	{色0A}×{/色}	{色0A}×{/色}
sys2_935	SYSTEM/SAVE.EMI	206	0	4c	L	L
sys2_936	SYSTEM/SAVE.EMI	207	0	52	R	R
sys2_937	SYSTEM/SAVE.EMI	209	0	583a	X：	X：
sys2_938	SYSTEM/SAVE.EMI	210	0	593a	Y：	Y：
sys2_939	SYSTEM/SAVE.EMI	211	0	12641290b45da22012a112a2c9d75dce8a12a3127e6970659f685f011507050a150106a22012b812b9281288127c29	放向キ-で{码20}画面フレ-ムを調整してください\n{符号2 07}{色0A}×{/色}で{码20}終了（決定）	请用方向键调整画面边框\n{符号2 07}{色0A}×{/色}结束（确定）
sys2_940	SYSTEM/SAVE.EMI	212	0	5b	‥	…
sys2_941	SYSTEM/SAVE.EMI	213	0	5b71856669	‥とりけし	…删除
sys2_942	SYSTEM/SAVE.EMI	214	0	5b6a6a7e	‥すすむ	…前进
sys2_943	SYSTEM/SAVE.EMI	215	0	5b80a386	‥もどる	…返回
sys2_944	SYSTEM/SAVE.EMI	216	0	5b779b7f86	‥はじめる	…开始
sys2_945	SYSTEM/SAVE.EMI	217	0	050315090700150a06a28388695fa26a63	{色03}{符号2 09}{占位00}』{/色}でよろしいですか	{色03}{符号2 09}{占位00}』{/色}确定吗？
sys2_946	SYSTEM/SAVE.EMI	218	0	12641290b45d203ab35dbcd67612861287014c31404c322f52314052320120202020203a13261327124e648563610244454c3a132613278a666a01424b203a12f112bb12bd124d8a817f86014f4b203a12f112bb761288127c	放向キ-{码20}：カ-ソルの移動\nL1·L2/R1·R2\n{码20}{码20}{码20}{码20}{码20}：文字種きりかえ\n---\nDEL：文字をけす\nBK{码20}：名前入力をやめる\nOK{码20}：名前の決定	方向键：移动光标\nL1·L2/R1·R2\n     ：切换文字种类\n---\nDEL：删除文字\nBK ：取消命名\nOK ：确定名字
sys2_947	SYSTEM/SAVE.EMI	219	0	b35dbcd695122191705f8620132613278a66697c6a	カ-ソルが合っている{码20}文字をけします	删除光标所在处的文字
sys2_948	SYSTEM/SAVE.EMI	220	0	12bb7612a112a273128f857c6a	前の画面に戻ります	返回上一个画面
sys2_949	SYSTEM/SAVE.EMI	221	0	12f112bb8a1288127c697c6a	名前を決定します	确定名字
sys2_950	SYSTEM/SAVE.EMI	222	0	fbd7afd15d762012f112bb8a12887f70659f685f	プレイヤ-の{码20}名前を決めてください	请决定玩家的名字
sys2_951	SYSTEM/SAVE.EMI	223	0	070176205e9f12f18a12887f70659f685f	{占位01}の{码20}あだ名を決めてください	请决定{占位01}的昵称
sys2_952	SYSTEM/SAVE.EMI	255	0	0c43174100a367a280cfc3e35dd05df301cfc3e35d8a61848ba27514810c9369936577656a8601bb5df601817f706265	{框43}{立绘4100}どこでもメニュ-モ-ド\nメニュ-をえらんでね{码14810C93}しゅくはくする\nセ-ブ\nやめておく	{框43}{立绘4100}随处菜单模式\n请选择菜单{码14810C93}住宿\n存档\n退出
sys2_953	SYSTEM/START.EMI	1	0	0c8a14820c82775f015f5f61	{框8A}{码14820C82}はい\nいいえ	{框8A}{码14820C82}是\n否
sys2_954	SYSTEM/START.EMI	2	0	0c8814820c82775f015f5f61	{框88}{码14820C82}はい\nいいえ	{框88}{码14820C82}是\n否
sys2_955	SYSTEM/START.EMI	3	0	cfd0d55db35df37620bedfe1b51200a26a	メモリ-カ-ドの{码20}チェック中です	记忆卡检查中
sys2_956	SYSTEM/START.EMI	4	0	c9dcafd67620bedfe1b51200a26a	ファイルの{码20}チェック中です	文件检查中
sys2_957	SYSTEM/START.EMI	5	0	cfd0d55db35df395205e857c6b8b	メモリ-カ-ドが{码20}ありません	未找到记忆卡
sys2_958	SYSTEM/START.EMI	6	0	6991a95f697c696d20818572626970659f685f	しっぱいしました{码20}やりなおしてください	操作失败，请重试
sys2_959	SYSTEM/START.EMI	7	0	bedfe1b573206991a95f697c696d	チェックに{码20}しっぱいしました	检查失败
sys2_960	SYSTEM/START.EMI	8	0	cfd0d55db35df395201273129b129c6887705f7c6b8b	メモリ-カ-ドが{码20}初期化されていません	记忆卡尚未格式化
sys2_961	SYSTEM/START.EMI	9	0	cfd0d55db35df395201273129b129c6887705f7c6b8b01cfd0d55db35df38a201273129b129c697c6a63	メモリ-カ-ドが{码20}初期化されていません\nメモリ-カ-ドを{码20}初期化しますか	记忆卡尚未格式化\n要格式化记忆卡吗
sys2_962	SYSTEM/START.EMI	10	0	128c128d73201273129b129c69708388695fa26a63	本当に{码20}初期化してよろしいですか	确定要格式化吗
sys2_963	SYSTEM/START.EMI	11	0	1273129b129c12005b20cfd0d55db35df38a132b63725fa2659f685f	初期化中‥{码20}メモリ-カ-ドを抜かないでください	格式化中…请勿取出记忆卡
sys2_964	SYSTEM/START.EMI	12	0	1273129b129c9512b889857c696d	初期化が終わりました	格式化完成
sys2_965	SYSTEM/START.EMI	13	0	1273129b129c73206991a95f697c696d	初期化に{码20}しっぱいしました	格式化失败
sys2_966	SYSTEM/START.EMI	14	0	0c8714810c82775f015f5f61	{框87}{码14810C82}はい\nいいえ	{框87}{码14810C82}是\n否
sys2_967	SYSTEM/START.EMI	15	0	204e4f2044415441	{码20}NO{码20}DATA	 无存档数据
sys2_968	SYSTEM/START.EMI	16	0	555345442044415441	USED{码20}DATA	已用数据
sys2_969	SYSTEM/START.EMI	17	0	5b434845434b494e47	‥CHECKING	…检查中
sys2_970	SYSTEM/START.EMI	18	0	4c4f4144	LOAD	读取
sys2_971	SYSTEM/START.EMI	19	0	a36e8476cfd0d55db35df3638420d85df3697c6a63	どちらのメモリ-カ-ドから{码20}ロ-ドしますか	从哪边记忆卡读取
sys2_972	SYSTEM/START.EMI	20	0	a376c9dcafd68a20d85df3697c6a63	どのファイルを{码20}ロ-ドしますか	读取哪个文件
sys2_973	SYSTEM/START.EMI	21	0	d85df36970208388695fa26a63	ロ-ドして{码20}よろしいですか	确定要读取吗
sys2_974	SYSTEM/START.EMI	22	0	d85df312005b20cfd0d55db35df38a132b63725fa2659f685f	ロ-ド中‥{码20}メモリ-カ-ドを抜かないでください	读取中…请勿取出记忆卡
sys2_975	SYSTEM/START.EMI	23	0	d85df3952012b889857c696d	ロ-ドが{码20}終わりました	读取完成
sys2_976	SYSTEM/START.EMI	24	0	c9dcafd68a20b25dfbdba2647c6b8b	ファイルを{码20}オ-プンできません	无法打开文件
sys2_977	SYSTEM/START.EMI	25	0	f6d7bab2f6c9dcafae15057620c9dcafd6955e857c6b8b	ブレスオブファイア{符号2 05}の{码20}ファイルがありません	没有龙战士{符号2 05}的存档文件
sys2_978	SYSTEM/START.EMI	26	0	c9dcafd69520678987705f7c6a	ファイルが{码20}こわれています	文件已损坏
sys2_979	SYSTEM/START.EMI	27	0	d85df373206991a95f697c696d	ロ-ドに{码20}しっぱいしました	读取失败
sys2_980	SYSTEM/START.EMI	28	0	c9dcafd695205e857c6b8b	ファイルが{码20}ありません	没有文件
sys2_981	SYSTEM/START.EMI	29	0	f6d7bab2f6c9dcafae150576c9dcafd6a2775e857c6b8b	ブレスオブファイア{符号2 05}のファイルではありません	不是龙战士{符号2 05}的文件
sys2_982	SYSTEM/START.EMI	30	0	c9dcafd68ad85df3a2647c6b8b	ファイルをロ-ドできません	无法读取文件
sys2_983	SYSTEM/START.EMI	32	0	53415645	SAVE	存档
sys2_984	SYSTEM/START.EMI	33	0	a36e8476cfd0d55db35df37320bb5df6697c6a63	どちらのメモリ-カ-ドに{码20}セ-ブしますか	存档到哪边记忆卡
sys2_985	SYSTEM/START.EMI	34	0	bb5df66a86c9dcafd68a2012858ba212a8685f	セ-ブするファイルを{码20}選んで下さい	请选择存档文件
sys2_986	SYSTEM/START.EMI	35	0	bb5df66970208388695fa26a63	セ-ブして{码20}よろしいですか	确定要存档吗
sys2_987	SYSTEM/START.EMI	36	0	bb5df612005b20cfd0d55db35df38a132b63725fa2659f685f	セ-ブ中‥{码20}メモリ-カ-ドを抜かないでください	存档中…请勿取出记忆卡
sys2_988	SYSTEM/START.EMI	37	0	bb5df69512b889857c696d	セ-ブが終わりました	存档完成
sys2_989	SYSTEM/START.EMI	38	0	bb5df6c9dcafd695132c69651315124368877c6b8ba2696d	セ-ブファイルが正しく作成されませんでした	存档文件未能正确创建
sys2_990	SYSTEM/START.EMI	39	0	cfd0d55db35df37320125364955e857c6b8b	メモリ-カ-ドに{码20}空きがありません	记忆卡空间不足
sys2_991	SYSTEM/START.EMI	40	0	bb5df673772031f6d8e1b5124512bfa26a	セ-ブには{码20}1ブロック必要です	存档需要1个区块
sys2_992	SYSTEM/START.EMI	41	0	c9dcafd60701732012c2695fc9dcafd68a13151243697c6a63	ファイル{占位01}に{码20}新しいファイルを作成しますか	文件{占位01}是否新建存档文件？
sys2_993	SYSTEM/START.EMI	42	0	c9dcafd6070173201268132d6469708388695fa26a63	ファイル{占位01}に{码20}上書きしてよろしいですか	文件{占位01}是否覆盖存档？
sys2_994	SYSTEM/START.EMI	43	0	6776c9dcafd673201268132d646a86128377a2647c6b8b	このファイルに{码20}上書きする事はできません	此文件无法覆盖
sys2_995	SYSTEM/START.EMI	44	0	44415441204552524f52	DATA{码20}ERROR	数据错误
sys2_996	SYSTEM/START.EMI	47	0	12641290b45d126812a83acfd0d55db35df38a128512ba01050a1500063a1288127c01050a1501063abb5df62fd85df38a817f86	放向キ-上下：メモリ-カ-ドを選択\n{色0A}{符号2 00}{/色}：決定\n{色0A}×{/色}：セ-ブ/ロ-ドをやめる	方向键上下：选择记忆卡\n{色0A}{符号2 00}{/色}：确定\n{色0A}×{/色}：取消存档/读取
sys2_997	SYSTEM/START.EMI	48	0	12641290b45d203ab35dbcd67612861287014c31404c323a0112f41303120e1201638412d876f25dbd73b35dbcd6128612870252314052323a0112f41303120e12d86384120176f25dbd73b35dbcd61286128702050a150006203a1288127c01050a150106203acfd0d55db35df3128512ba12a112a273128f86	放向キ-{码20}：カ-ソルの移動\nL1·L2：\n時間最大から小のデ-タにカ-ソル移動\n---\nR1·R2：\n時間最小から大のデ-タにカ-ソル移動\n---\n{色0A}{符号2 00}{/色}{码20}：決定\n{色0A}×{/色}{码20}：メモリ-カ-ド選択画面に戻る	方向键：移动光标\nL1·L2：\n跳到最新存档\n---\nR1·R2：\n跳到最旧存档\n---\n{色0A}{符号2 00}{/色}：确定\n{色0A}×{/色}：返回记忆卡选择
sys2_998	SYSTEM/START.EMI	50	0	cfd0d55db35df3135713581359317301cfd0d55db35df3955e857c6b8b02bb5df69512cc6186836001cfd0d55db35df376011270127d8a626a6a7f697c6a	メモリ-カ-ド差込口1に\nメモリ-カ-ドがありません\n---\nセ-ブが行えるよう\nメモリ-カ-ドの\n使用をおすすめします	记忆卡插槽1中\n未找到记忆卡\n---\n请准备记忆卡\n以便\n进行存档
sys2_999	SYSTEM/START.EMI	51	0	cfd0d55db35df3135713581359317601cfd0d55db35df37320125364f6d8e1b595015e857c6b8b02bb5df69512cc618683602031f6d8e1b512c912687601125364955e8620cfd0d55db35df3761270127d8a01626a6a7f697c6a	メモリ-カ-ド差込口1の\nメモリ-カ-ドに{码20}空きブロックが\nありません\n---\nセ-ブが行えるよう{码20}1ブロック以上の\n空きがある{码20}メモリ-カ-ドの使用を\nおすすめします	记忆卡插槽1的\n记忆卡没有\n空闲区块\n---\n请确保有1个以上\n空闲区块的记忆卡\n以便进行存档
sys2_1000	SYSTEM/START.EMI	52	0	cfd0d55db35df3135713581359317601cfd0d55db35df376c9dcafd69501678987705f7c6a0267767c7ca27720e85dce120073bb5df68a0112cc60128395a2647c6b8b02bb5df69512cc618683602031f6d8e1b512c912687601125364955e8620cfd0d55db35df3761270127d8a01626a6a7f697c6a	メモリ-カ-ド差込口1の\nメモリ-カ-ドのファイルが\nこわれています\n---\nこのままでは{码20}ゲ-ム中にセ-ブを\n行う事ができません\n---\nセ-ブが行えるよう{码20}1ブロック以上の\n空きがある{码20}メモリ-カ-ドの使用を\nおすすめします	记忆卡插槽1的\n记忆卡文件\n已损坏\n---\n这样将无法\n在游戏中存档\n---\n请确保有1个以上\n空闲区块的记忆卡\n以便进行存档
sys2_1001	SYSTEM/START.EMI	53	0	20204552524f52	{码20}{码20}ERROR	  错误
sys2_1002	SYSTEM/START.EMI	54	0	0c8914810c82775f015f5f61	{框89}{码14810C82}はい\nいいえ	{框89}{码14810C82}是\n否
sys2_1003	SYSTEM/START.EMI	56	0	3120649a69	1{码20}きざし	1 征兆
sys2_1004	SYSTEM/START.EMI	57	0	3220125773636389868076	2{码20}竜にかかわるもの	2 与龙相关之物
sys2_1005	SYSTEM/START.EMI	58	0	3320124f616d12141272	3{码20}消えた王女	3 消失的公主
sys2_1006	SYSTEM/START.EMI	59	0	34201214125c76123d	4{码20}王家の剣	4 王族之剑
sys2_1007	SYSTEM/START.EMI	60	0	3520122a1257d45db0dd	5{码20}風竜ラ-ウィ	5 风龙拉维
sys2_1008	SYSTEM/START.EMI	61	0	362012d6123a	6{码20}聖地	6 圣地
sys2_1009	SYSTEM/START.EMI	62	0	3720aed6b3af761257	7{码20}アルカイの竜	7 阿尔凯之龙
sys2_1010	SYSTEM/START.EMI	63	0	3820689f7f7612b312cc64	8{码20}さだめの道行き	8 命运的旅途
sys2_1011	SYSTEM/START.EMI	64	0	392062886372868076	9{码20}おろかなるもの	9 愚者
sys2_1012	SYSTEM/START.EMI	65	0	313020133a761201133b	10{码20}西の大陸	10 西方大陆
sys2_1013	SYSTEM/START.EMI	66	0	3131207d6ea564	11{码20}みちびき	11 引导
sys2_1014	SYSTEM/START.EMI	67	0	31322012da7612b88985	12{码20}旅の終わり	12 旅途的终点
sys2_1015	SYSTEM/START.EMI	68	0	313320121671c8c171	13{码20}神とヒトと	13 神与人
sys2_1016	SYSTEM/START.EMI	70	0	0c0120bb5df68a2012b812b969708388695fa26a6301202020201509775f150a8a128512ba6a86710120202020bdafc1d612a112a273128f857c6a148c0c42775f015f5f61	{框01}{码20}セ-ブを{码20}終了してよろしいですか\n{码20}{码20}{码20}{码20}{符号2 09}はい』を選択すると\n{码20}{码20}{码20}{码20}タイトル画面に戻ります{码148C0C42}はい\nいいえ	{框01}{码20}确定要退出存档吗\n{码20}{码20}{码20}{码20}选择{符号2 09}是』后\n{码20}{码20}{码20}{码20}将返回标题画面{码148C0C42}是\n否
sys2_1017	SYSTEM/START.EMI	85	0	20202020a367a28020202020	{码20}{码20}{码20}{码20}どこでも{码20}{码20}{码20}{码20}	    随处    
sys2_1018	SYSTEM/START.EMI	86	0	202020b8d4af76134320202020	{码20}{码20}{码20}サライの町{码20}{码20}{码20}{码20}	   萨莱镇    
sys2_1019	SYSTEM/START.EMI	87	0	202020bee2dbf4761343202020	{码20}{码20}{码20}チャンバの町{码20}{码20}{码20}	   钱巴镇   
sys2_1020	SYSTEM/START.EMI	88	0	2020aebabdc21344123a123a12a82020	{码20}{码20}アスタナ基地地下{码20}{码20}	  阿斯塔纳基地地下  
sys2_1021	SYSTEM/START.EMI	89	0	20202020b4d5ae130e20202020	{码20}{码20}{码20}{码20}キリア村{码20}{码20}{码20}{码20}	    基利亚村    
sys2_1022	SYSTEM/START.EMI	90	0	20202020134512d812d12020202020	{码20}{码20}{码20}{码20}山小屋{码20}{码20}{码20}{码20}{码20}	     山间小屋     
sys2_1023	SYSTEM/START.EMI	91	0	20202020bbc5babd20202020	{码20}{码20}{码20}{码20}セネスタ{码20}{码20}{码20}{码20}	    塞内斯塔    
sys2_1024	SYSTEM/START.EMI	92	0	202020c7b9f5c1761343202020	{码20}{码20}{码20}ハシビトの町{码20}{码20}{码20}	   哈西比特镇   
sys2_1025	SYSTEM/START.EMI	93	0	20202020aebabdc220202020	{码20}{码20}{码20}{码20}アスタナ{码20}{码20}{码20}{码20}	    阿斯塔纳    
sys2_1026	SYSTEM/START.EMI	94	0	20202020d6f2ddae20202020	{码20}{码20}{码20}{码20}ルディア{码20}{码20}{码20}{码20}	    卢迪亚    
sys2_1027	SYSTEM/START.EMI	95	0	20202020b9dff32020202020	{码20}{码20}{码20}{码20}シェド{码20}{码20}{码20}{码20}{码20}	     谢德     
sys2_1028	SYSTEM/START.EMI	96	0	202020c95dd7db761346202020	{码20}{码20}{码20}フ-レンの里{码20}{码20}{码20}	   弗伦的故里   
sys2_1029	SYSTEM/START.EMI	97	0	202020b0afdbf2ddae202020	{码20}{码20}{码20}ウインディア{码20}{码20}{码20}	   温迪亚   
sys2_1030	SYSTEM/START.EMI	98	0	202020bedfb576130e20202020	{码20}{码20}{码20}チェクの村{码20}{码20}{码20}{码20}	   切克村    
sys2_1031	SYSTEM/START.EMI	99	0	20202020bcdb130e2020202020	{码20}{码20}{码20}{码20}ソン村{码20}{码20}{码20}{码20}{码20}	     索村     
sys2_1032	SYSTEM/START.EMI	100	0	20202083606b5f76130e202020	{码20}{码20}{码20}ようせいの村{码20}{码20}{码20}	   妖精之村   
sys2_1033	SYSTEM/START.EMI	101	0	20202020201354128b2020202020	{码20}{码20}{码20}{码20}{码20}関所{码20}{码20}{码20}{码20}{码20}	     关所     
sys2_1034	SYSTEM/START.EMI	102	0	20202020b9e35db520202020	{码20}{码20}{码20}{码20}シュ-ク{码20}{码20}{码20}{码20}	    舒克    
sys2_1035	SYSTEM/START.EMI	103	0	2020202020d5fb2020202020	{码20}{码20}{码20}{码20}{码20}リプ{码20}{码20}{码20}{码20}{码20}	     里普     
sys2_1036	SYSTEM/START.EMI	104	0	202020b8d6f2dddb1339202020	{码20}{码20}{码20}サルディン島{码20}{码20}{码20}	   萨尔丁岛   
sys2_1037	SYSTEM/START.EMI	105	0	202020b7b0b9ae130e20202020	{码20}{码20}{码20}コウシア村{码20}{码20}{码20}{码20}	   考西亚村    
sys2_1038	SYSTEM/START.EMI	106	0	20202020beb5ae130e20202020	{码20}{码20}{码20}{码20}チクア村{码20}{码20}{码20}{码20}	    奇库亚村    
sys2_1039	SYSTEM/START.EMI	107	0	20202020f9b0b5130e20202020	{码20}{码20}{码20}{码20}パウク村{码20}{码20}{码20}{码20}	    帕乌克村    
sys2_1040	SYSTEM/START.EMI	108	0	20202020125e1352354620202020	{码20}{码20}{码20}{码20}皇城5F{码20}{码20}{码20}{码20}	    皇城5层    
sys2_1041	SYSTEM/START.EMI	109	0	202020125e1352123a12a83446202020	{码20}{码20}{码20}皇城地下4F{码20}{码20}{码20}	   皇城地下4层   
sys2_1042	SYSTEM/START.EMI	110	0	20202020125e1352314620202020	{码20}{码20}{码20}{码20}皇城1F{码20}{码20}{码20}{码20}	    皇城1层    
sys2_1043	SYSTEM/START.EMI	111	0	2020202020125f133d2020202020	{码20}{码20}{码20}{码20}{码20}帝都{码20}{码20}{码20}{码20}{码20}	     帝都     
sys2_1044	SYSTEM/START.EMI	112	0	2020202012157612005b20202020	{码20}{码20}{码20}{码20}夢の中‥{码20}{码20}{码20}{码20}	    梦境中…    
sys2_1045	SYSTEM/START.EMI	130	0	2020201201120213061338131c20202020	{码20}{码20}{码20}大砂漠南部{码20}{码20}{码20}{码20}	   大沙漠南部    
sys2_1046	SYSTEM/START.EMI	131	0	202020d6f2ddae123a1264202020	{码20}{码20}{码20}ルディア地放{码20}{码20}{码20}	   卢迪亚地方   
sys2_1047	SYSTEM/START.EMI	132	0	2020b0afdbf2ddae123a12642020	{码20}{码20}ウインディア地放{码20}{码20}	  温迪亚地方  
sys2_1048	SYSTEM/START.EMI	133	0	202020201200134712df123a20202020	{码20}{码20}{码20}{码20}中央高地{码20}{码20}{码20}{码20}	    中央高地    
sys2_1049	SYSTEM/START.EMI	134	0	202020b9e35db5123a1264202020	{码20}{码20}{码20}シュ-ク地放{码20}{码20}{码20}	   舒克地方   
sys2_1050	SYSTEM/START.EMI	135	0	202020aebabddb123a1264202020	{码20}{码20}{码20}アスタン地放{码20}{码20}{码20}	   阿斯坦地方   
sys2_1051	SYSTEM/START.EMI	136	0	2020201201120213061349131c20202020	{码20}{码20}{码20}大砂漠北部{码20}{码20}{码20}{码20}	   大沙漠北部    
sys2_1052	SYSTEM/START.EMI	137	0	202020fcafbd1348133920202020	{码20}{码20}{码20}ペイタ半島{码20}{码20}{码20}{码20}	   佩塔半岛    
sys2_1053	SYSTEM/START.EMI	138	0	202020133a1201133b1200131c20202020	{码20}{码20}{码20}西大陸中部{码20}{码20}{码20}{码20}	   西大陆中部    
sys2_1054	SYSTEM/START.EMI	139	0	202020ebdbe51345123a20202020	{码20}{码20}{码20}ジンガ山地{码20}{码20}{码20}{码20}	   金加山地    
sys2_1055	SYSTEM/START.EMI	140	0	2020202013491264134a133920202020	{码20}{码20}{码20}{码20}北放諸島{码20}{码20}{码20}{码20}	    北方诸岛    
sys2_1056	SYSTEM/START.EMI	141	0	20202020b9b276120a20202020	{码20}{码20}{码20}{码20}シオの海{码20}{码20}{码20}{码20}	    潮之海    
sys2_1057	SYSTEM/START.EMI	142	0	20202020134b12ec134c134d20202020	{码20}{码20}{码20}{码20}黄金平野{码20}{码20}{码20}{码20}	    黄金平野    
sys2_1058	SYSTEM/START.EMI	143	0	202020133a1201133b1338131c20202020	{码20}{码20}{码20}西大陸南部{码20}{码20}{码20}{码20}	   西大陆南部    
sys2_1059	SYSTEM/START.EMI	144	0	e85dce127b127c	ゲ-ム設定	游戏设置
sys2_1060	SYSTEM/START.EMI	145	0	f8bddb127b127c	ボタン設定	按键设置
sys2_1061	SYSTEM/START.EMI	146	0	bab5d55ddb	スクリ-ン	画面
sys2_1062	SYSTEM/START.EMI	147	0	1273129b129c	初期化	重置
sys2_1063	SYSTEM/START.EMI	148	0	129d1287129e1275	振動機能	振动功能
sys2_1064	SYSTEM/START.EMI	149	0	efe1b9e3	ダッシュ	冲刺
sys2_1065	SYSTEM/START.EMI	150	0	b3cfd4	カメラ	视角
sys2_1066	SYSTEM/START.EMI	151	0	12641290b45d	放向キ-	方向键
sys2_1067	SYSTEM/START.EMI	152	0	cfe1bb5deb	メッセ-ジ	消息
sys2_1068	SYSTEM/START.EMI	153	0	b8b0dbf3	サウンド	声音
sys2_1069	SYSTEM/START.EMI	154	0	42474d	BGM	BGM
sys2_1070	SYSTEM/START.EMI	155	0	5345	SE	SE
sys2_1071	SYSTEM/START.EMI	156	0	b7dbf9ba	コンパス	罗盘
sys2_1072	SYSTEM/START.EMI	157	0	4f4646	OFF	关
sys2_1073	SYSTEM/START.EMI	158	0	4f4e	ON	开
sys2_1074	SYSTEM/START.EMI	159	0	ccc3e3aed6	マニュアル	手动
sys2_1075	SYSTEM/START.EMI	160	0	b25dc1	オ-ト	自动
sys2_1076	SYSTEM/START.EMI	161	0	c65dccd6	ノ-マル	普通
sys2_1077	SYSTEM/START.EMI	162	0	d5f45dba	リバ-ス	反向
sys2_1078	SYSTEM/START.EMI	163	0	301508	0{符号2 08}	0{符号2 08}
sys2_1079	SYSTEM/START.EMI	164	0	129234351508	右45{符号2 08}	右45{符号2 08}
sys2_1080	SYSTEM/START.EMI	165	0	129134351508	左45{符号2 08}	左45{符号2 08}
sys2_1081	SYSTEM/START.EMI	166	0	626c5f	おそい	慢
sys2_1082	SYSTEM/START.EMI	167	0	796f60	ふつう	普通
sys2_1083	SYSTEM/START.EMI	168	0	77815f	はやい	快
sys2_1084	SYSTEM/START.EMI	169	0	bac0d7b2	ステレオ	立体声
sys2_1085	SYSTEM/START.EMI	170	0	d0c6d4d6	モノラル	单声道
sys2_1086	SYSTEM/START.EMI	171	0	e85dce76127b127c8a207a8b6760697c6a	ゲ-ムの設定を{码20}へんこうします	更改游戏设置
sys2_1087	SYSTEM/START.EMI	172	0	b7dbc1d85dd476127b127c8a207a8b6760697c6a011507129f12a076127b127c7720bdaffb0700a26a	コントロ-ラの設定を{码20}へんこうします\n{符号2 07}現在の設定は{码20}タイプ{占位00}です	更改手柄设置\n{符号2 07}当前设置为类型{占位00}
sys2_1088	SYSTEM/START.EMI	173	0	12a112a2fdebb9e4db8a2012a3127e697c6a	画面ポジションを{码20}調整します	调整画面位置
sys2_1089	SYSTEM/START.EMI	174	0	6aa77076127b127c8a201273129b1278127973128f697c6a011507f8bddb127b127c24bab5d55ddb801273129b1278127973128f857c6a	すべての設定を{码20}初期状態に戻します\n{符号2 07}ボタン設定、スクリ-ンも初期状態に戻ります	将所有设置恢复为初始状态\n{符号2 07}手柄设置和画面也将恢复初始状态
sys2_1090	SYSTEM/START.EMI	175	0	6aa77076127b127c8a201273129b129c69708388695fa26a63	すべての設定を{码20}初期化してよろしいですか	确定要将所有设置重置吗
sys2_1091	SYSTEM/START.EMI	176	0	129d1287129e127576204f4e2f4f464695a2647c6a011507129d1287129e127577f2e3aed6b9e4e1b5a26212a4697d659f685f	振動機能の{码20}ON/OFFができます\n{符号2 07}振動機能はデュアルショックでお楽しみください	可开启或关闭振动功能\n{符号2 07}振动功能需使用震动手柄
sys2_1092	SYSTEM/START.EMI	177	0	efe1b9e3f8bddb8a12a5697012a686632412a765638a1285a77c6a011507aec2d8e7d05df3a2802082606760a26a	ダッシュボタンを押して走るか、步くかを選べます\n{符号2 07}アナログモ-ドでも{码20}ゆうこうです	按下冲刺键可选择奔跑或步行\n{符号2 07}模拟模式同样有效
sys2_1093	SYSTEM/START.EMI	178	0	b3cfd4957c8986126412908a207a8b6760697c6a	カメラがまわる放向を{码20}へんこうします	更改视角旋转方向
sys2_1094	SYSTEM/START.EMI	179	0	12641290b45d126812a812911292a272727f1286128773127b127ca2647c6a011507c9dd5dd6f312861287767d2082606760a26a	放向キ-上下左右でななめ移動に設定できます\n{符号2 07}フィ-ルド移動のみ{码20}ゆうこうです	方向键上下左右可设置斜向移动\n{符号2 07}仅在地图移动时有效
sys2_1095	SYSTEM/START.EMI	180	0	cfe1bb5debbafa5df38a207a8b6760697c6a	メッセ-ジスピ-ドを{码20}へんこうします	更改消息显示速度
sys2_1096	SYSTEM/START.EMI	181	0	b8b0dbf3127b127c8a207a8b6760697c6a	サウンド設定を{码20}へんこうします	更改声音设置
sys2_1097	SYSTEM/START.EMI	182	0	42474d76f8d5e35dce8a2012a3127e697c6a	BGMのボリュ-ムを{码20}調整します	调整BGM音量
sys2_1098	SYSTEM/START.EMI	183	0	534576f8d5e35dce8a2012a3127e697c6a	SEのボリュ-ムを{码20}調整します	调整SE音量
sys2_1099	SYSTEM/START.EMI	184	0	6aa77076127b127c8a201273129b129c697c696d	すべての設定を{码20}初期化しました	所有设置已重置
sys2_1100	SYSTEM/START.EMI	185	0	12641290b45d126812a83ab7ccdbf38a128512ba01050a1500063a1288127c01050a1501063ae85dce127b127c7612b812b9	放向キ-上下：コマンドを選択\n{色0A}{符号2 00}{/色}：決定\n{色0A}×{/色}：ゲ-ム設定の終了	方向键上下：选择指令\n{色0A}{符号2 00}{/色}：确定\n{色0A}×{/色}：退出游戏设置
sys2_1101	SYSTEM/START.EMI	186	0	12641290b45d126812a83a127b127c63699476128512ba0112641290b45d129112923a127b127c767a8b676001050a1501063ab4e2dbbbd6	放向キ-上下：設定かしょの選択\n放向キ-左右：設定のへんこう\n{色0A}×{/色}：キャンセル	方向键上下：选择设置项\n方向键左右：更改设置\n{色0A}×{/色}：取消
sys2_1102	SYSTEM/START.EMI	187	0	12641290b45d129112923af8bddb127b127c76128512ba012001050a1501063ae85dce127b127c12a112a273128f86281288127c29	放向キ-左右：ボタン設定の選択\n{码20}\n{色0A}×{/色}：ゲ-ム設定画面に戻る（決定）	方向键左右：选择按键设置\n \n{色0A}×{/色}：返回游戏设置（确定）
sys2_1103	SYSTEM/START.EMI	188	0	12641290b45d3a12a112a2fdebb9e4db7612a3127e012001050a1501063ae85dce127b127c12a112a273128f86281288127c29	放向キ-：画面ポジションの調整\n{码20}\n{色0A}×{/色}：ゲ-ム設定画面に戻る（決定）	方向键：调整画面位置\n \n{色0A}×{/色}：返回游戏设置（确定）
sys2_1104	SYSTEM/START.EMI	189	0	20202020127aa56361	{码20}{码20}{码20}{码20}並びかえ	    排序
sys2_1105	SYSTEM/START.EMI	190	0	b8f612a112a2	サブ画面	副画面
sys2_1106	SYSTEM/START.EMI	191	0	aeb5b9e4db	アクション	动作
sys2_1107	SYSTEM/START.EMI	192	0	40b4e2dbbbd6	·キャンセル	·取消
sys2_1108	SYSTEM/START.EMI	193	0	5354415254f8bddb20202020fd5dec	STARTボタン{码20}{码20}{码20}{码20}ポ-ズ	START键      暂停
sys2_1109	SYSTEM/START.EMI	194	0	53454c454354f8bddb202020cad6fb	SELECTボタン{码20}{码20}{码20}ヘルプ	SELECT键     帮助
sys2_1110	SYSTEM/START.EMI	195	0	bdaffb3101150712641290b45d12911292a220bdaffb8a12858ba2659f685f	タイプ1\n{符号2 07}放向キ-左右で{码20}タイプを選んでください	类型1\n{符号2 07}请用方向键左右选择类型
sys2_1111	SYSTEM/START.EMI	196	0	bdaffb3201150712641290b45d12911292a220bdaffb8a12858ba2659f685f	タイプ2\n{符号2 07}放向キ-左右で{码20}タイプを選んでください	类型2\n{符号2 07}请用方向键左右选择类型
sys2_1112	SYSTEM/START.EMI	197	0	bdaffb3301150712641290b45d12911292a220bdaffb8a12858ba2659f685f	タイプ3\n{符号2 07}放向キ-左右で{码20}タイプを選んでください	类型3\n{符号2 07}请用方向键左右选择类型
sys2_1113	SYSTEM/START.EMI	198	0	bdaffb3401150712641290b45d12911292a220bdaffb8a12858ba2659f685f	タイプ4\n{符号2 07}放向キ-左右で{码20}タイプを選んでください	类型4\n{符号2 07}请用方向键左右选择类型
sys2_1114	SYSTEM/START.EMI	199	0	20efe1b9e3	{码20}ダッシュ	 冲刺
sys2_1115	SYSTEM/START.EMI	200	0	20202020b3cfd4	{码20}{码20}{码20}{码20}カメラ	    视角
sys2_1116	SYSTEM/START.EMI	201	0	12b612b7401288127c	会話·決定	对话·确定
sys2_1117	SYSTEM/START.EMI	202	0	050a150006	{色0A}{符号2 00}{/色}	{色0A}{符号2 00}{/色}
sys2_1118	SYSTEM/START.EMI	203	0	050a150206	{色0A}△{/色}	{色0A}△{/色}
sys2_1119	SYSTEM/START.EMI	204	0	050a150306	{色0A}□{/色}	{色0A}□{/色}
sys2_1120	SYSTEM/START.EMI	205	0	050a150106	{色0A}×{/色}	{色0A}×{/色}
sys2_1121	SYSTEM/START.EMI	206	0	4c	L	L
sys2_1122	SYSTEM/START.EMI	207	0	52	R	R
sys2_1123	SYSTEM/START.EMI	209	0	583a	X：	X：
sys2_1124	SYSTEM/START.EMI	210	0	593a	Y：	Y：
sys2_1125	SYSTEM/START.EMI	211	0	12641290b45da22012a112a2c9d75dce8a12a3127e6970659f685f011507050a150106a22012b812b9281288127c29	放向キ-で{码20}画面フレ-ムを調整してください\n{符号2 07}{色0A}×{/色}で{码20}終了（決定）	请用方向键调整画面边框\n{符号2 07}{色0A}×{/色}结束（确定）
sys2_1126	SYSTEM/START.EMI	212	0	5b	‥	…
sys2_1127	SYSTEM/START.EMI	213	0	5b71856669	‥とりけし	…删除
sys2_1128	SYSTEM/START.EMI	214	0	5b6a6a7e	‥すすむ	…前进
sys2_1129	SYSTEM/START.EMI	215	0	5b80a386	‥もどる	…返回
sys2_1130	SYSTEM/START.EMI	216	0	5b779b7f86	‥はじめる	…开始
sys2_1131	SYSTEM/START.EMI	217	0	050315090700150a06a28388695fa26a63	{色03}{符号2 09}{占位00}』{/色}でよろしいですか	{色03}{符号2 09}{占位00}』{/色}确定吗？
sys2_1132	SYSTEM/START.EMI	218	0	12641290b45d203ab35dbcd67612861287014c31404c322f52314052320120202020203a13261327124e648563610244454c3a132613278a666a01424b203a12f112bb12bd124d8a817f86014f4b203a12f112bb761288127c	放向キ-{码20}：カ-ソルの移動\nL1·L2/R1·R2\n{码20}{码20}{码20}{码20}{码20}：文字種きりかえ\n---\nDEL：文字をけす\nBK{码20}：名前入力をやめる\nOK{码20}：名前の決定	方向键：移动光标\nL1·L2/R1·R2\n     ：切换文字种类\n---\nDEL：删除文字\nBK ：取消命名\nOK ：确定名字
sys2_1133	SYSTEM/START.EMI	219	0	b35dbcd695122191705f8620132613278a66697c6a	カ-ソルが合っている{码20}文字をけします	删除光标所在处的文字
sys2_1134	SYSTEM/START.EMI	220	0	12bb7612a112a273128f857c6a	前の画面に戻ります	返回上一个画面
sys2_1135	SYSTEM/START.EMI	221	0	12f112bb8a1288127c697c6a	名前を決定します	确定名字
sys2_1136	SYSTEM/START.EMI	222	0	fbd7afd15d762012f112bb8a12887f70659f685f	プレイヤ-の{码20}名前を決めてください	请决定玩家的名字
sys2_1137	SYSTEM/START.EMI	223	0	070176205e9f12f18a12887f70659f685f	{占位01}の{码20}あだ名を決めてください	请决定{占位01}的昵称
sys2_1138	SYSTEM/START.EMI	255	0	0c43174100a367a280cfc3e35dd05df301cfc3e35d8a61848ba27514810c9369936577656a8601bb5df601817f706265	{框43}{立绘4100}どこでもメニュ-モ-ド\nメニュ-をえらんでね{码14810C93}しゅくはくする\nセ-ブ\nやめておく	{框43}{立绘4100}随处菜单模式\n请选择菜单{码14810C93}住宿\n存档\n退出